Customer ID,revenue,profit,orders,avg_discount,margin_pct,risk_flag
CS-12505,5690.07,-6626.37,6,0.19999999999999998,-116.45498210039595,True
SR-20425,3233.48,-3333.91,5,0.36666666666666664,-103.10594158615484,True
NC-18415,2218.9900000000002,-2204.8100000000004,6,0.2642857142857143,-99.36097053163827,True
LF-17185,3930.52,-3583.97,7,0.31875,-91.18310045490163,True
HG-14965,3247.65,-2797.9500000000003,12,0.17058823529411765,-86.15306452357859,True
LH-17020,318.23,-242.75,4,0.4666666666666666,-76.28130597366683,True
JS-15940,469.16,-327.93,5,0.3375,-69.89726319379315,True
TS-21085,4.84,-3.3200000000000003,2,0.7,-68.59504132231406,True
JR-15670,1156.6599999999999,-785.16,2,0.3,-67.88165926028393,True
PK-18910,1441.15,-798.71,2,0.3666666666666667,-55.4217118273601,True
HD-14785,251.36,-135.89,3,0.3,-54.0619032463399,True
MO-17950,154.29,-82.01,2,0.35000000000000003,-53.153153153153156,True
DB-13120,2973.09,-1421.78,7,0.14285714285714285,-47.821626657787014,True
GT-14635,9351.199999999999,-4108.66,3,0.25,-43.93724869535461,True
DC-12850,3336.17,-1441.6399999999999,9,0.21111111111111114,-43.21242622528228,True
SN-20560,1860.42,-716.86,6,0.1733333333333333,-38.53215940486557,True
DV-13045,1119.48,-427.17999999999995,5,0.17222222222222222,-38.15878800871833,True
MG-17875,1242.84,-470.77,5,0.24285714285714288,-37.878568440024466,True
MF-17665,937.05,-341.53,5,0.13749999999999998,-36.44736140013873,True
TB-21520,4737.48,-1603.05,9,0.265,-33.837609868537704,True
RO-19780,3815.4700000000003,-1262.58,7,0.2916666666666667,-33.091073969917204,True
SS-20410,3056.81,-1010.97,6,0.25833333333333336,-33.072713057075845,True
CD-11980,639.76,-206.71,3,0.43333333333333335,-32.31055395773415,True
JB-15925,900.55,-286.98,3,0.3,-31.867192271389712,True
CP-12340,5888.3,-1850.3099999999997,8,0.21333333333333335,-31.4235008406501,True
MC-17635,795.15,-247.94000000000003,4,0.17500000000000002,-31.181538074577126,True
VP-21760,3360.54,-1018.76,7,0.17142857142857143,-30.315365982847997,True
MG-17695,1342.29,-398.8,3,0.2571428571428572,-29.710420251957476,True
CS-12490,1077.23,-302.86,4,0.25,-28.114701595759495,True
RA-19945,1686.93,-445.69,5,0.31666666666666665,-26.4201834101,True
SB-20290,8057.89,-2082.75,7,0.24117647058823527,-25.84733720614205,True
BG-11035,2798.96,-711.41,8,0.19166666666666665,-25.416940577928944,True
VS-21820,1055.99,-262.81,4,0.475,-24.887546283582232,True
OT-18730,3818.62,-925.1299999999999,5,0.15999999999999998,-24.226814922668396,True
AH-10195,1587.45,-378.54,4,0.35,-23.84579041859586,True
ER-13855,1245.79,-295.74,3,0.2,-23.739153468883202,True
SM-20905,1043.05,-237.29,1,0.2833333333333333,-22.749628493360817,True
DW-13585,1204.85,-266.9,7,0.17,-22.152135120554426,True
TN-21040,3130.23,-692.05,7,0.19999999999999998,-22.108599048632207,True
BF-11005,1333.8899999999999,-291.37,4,0.18,-21.843630284356284,True
CK-12760,1582.1100000000001,-338.43999999999994,9,0.15,-21.391685786702563,True
AR-10345,1055.69,-221.05,4,0.26,-20.93891199120954,True
GH-14410,2819.46,-576.83,9,0.27058823529411763,-20.458882197300195,True
TP-21415,5328.98,-1087.3799999999999,5,0.462,-20.405030606232337,True
NF-18385,8322.82,-1695.9599999999996,7,0.25,-20.377227910732177,True
LR-17035,1879.3,-382.8,5,0.27499999999999997,-20.3692864364391,True
NC-18625,1821.75,-359.02,5,0.24444444444444446,-19.707424180046658,True
TS-21340,974.78,-185.00000000000003,5,0.2833333333333333,-18.978641334454956,True
AF-10885,861.57,-163.13,4,0.2571428571428572,-18.934039021785807,True
MM-18055,2749.87,-520.3599999999999,8,0.21052631578947367,-18.923076363609916,True
AB-10600,1515.86,-274.95000000000005,4,0.375,-18.138218568997143,True
MK-17905,2302.36,-405.3399999999999,8,0.3,-17.60541357563543,True
PC-19000,1061.49,-184.34,2,0.13333333333333333,-17.36615512157439,True
JL-15130,1214.95,-207.79,6,0.26666666666666666,-17.102761430511542,True
BP-11230,1181.49,-197.28000000000003,5,0.06666666666666667,-16.69755986085367,True
RB-19330,1008.2,-164.41,2,0.3166666666666667,-16.307280301527474,True
CM-12160,2533.3199999999997,-394.37,6,0.24285714285714285,-15.567318775361978,True
BW-11065,385.51,-58.28999999999999,3,0.13333333333333333,-15.120230344219344,True
SC-20770,4492.68,-671.2,7,0.30476190476190473,-14.939857724120124,True
HZ-14950,886.5199999999999,-130.39000000000001,5,0.19999999999999998,-14.70807201191175,True
VW-21775,6134.040000000001,-874.6600000000001,10,0.1611111111111111,-14.259117971190275,True
BM-11140,11789.64,-1659.97,4,0.16875,-14.079904051353562,True
TH-21550,4234.1,-571.98,7,0.06923076923076922,-13.508892090408823,True
VT-21700,1736.6,-224.08999999999997,2,0.3333333333333333,-12.903950247610272,True
BP-11290,2475.16,-319.07,7,0.3,-12.890883821651933,True
ZC-21910,8025.7,-1032.13,13,0.25483870967741934,-12.860311250109028,True
BT-11440,603.87,-77.52000000000001,4,0.15714285714285717,-12.83720005961548,True
JA-15970,6491.03,-819.42,8,0.2125,-12.623882496306441,True
PT-19090,160.58,-20.05,4,0.37142857142857144,-12.485988292439904,True
JD-15790,2152.35,-266.56,5,0.17142857142857146,-12.384602875926314,True
JS-15595,1417.65,-175.56,4,0.3125,-12.383874722251614,True
JS-16030,2516.49,-311.24999999999994,6,0.18333333333333332,-12.368417915429823,True
GW-14605,2189.02,-268.54999999999995,7,0.15555555555555556,-12.268046888562003,True
VG-21805,427.37,-52.33,5,0.10000000000000002,-12.244659194608886,True
RR-19315,615.9300000000001,-73.83,2,0.27499999999999997,-11.986751741269298,True
VF-21715,847.95,-96.28,5,0.06363636363636363,-11.354443068577156,True
LS-16945,2845.27,-318.76,6,0.3071428571428571,-11.203154709394889,True
SM-20005,244.49,-26.590000000000003,4,0.26666666666666666,-10.875700437645712,True
DF-13135,2390.54,-259.31000000000006,3,0.2833333333333334,-10.847339931563582,True
AG-10525,1455.0400000000002,-152.75,4,0.15555555555555556,-10.49799318231801,True
TS-21610,2820.42,-294.70000000000005,7,0.3727272727272727,-10.448798405911178,True
TB-21595,1387.5700000000002,-136.4,5,0.2714285714285714,-9.830134695907233,True
BK-11260,659.15,-63.760000000000005,6,0.20625000000000002,-9.673063794280514,True
SC-20020,3362.96,-317.04,5,0.21882352941176472,-9.427409187144658,True
CS-12400,3651.86,-342.8,9,0.21428571428571427,-9.386997310959346,True
SP-20545,1306.09,-118.77000000000001,6,0.26,-9.093554042983257,True
MY-18295,4152.7,-371.71000000000004,11,0.2438095238095238,-8.951043899149951,True
TH-21115,2942.78,-252.54999999999998,4,0.23333333333333334,-8.582021082106035,True
AS-10045,3050.69,-253.59,7,0.355,-8.312545686385702,True
RB-19795,5633.31,-461.74,8,0.25,-8.196601997759753,True
JH-15985,7954.99,-644.71,6,0.08571428571428573,-8.104472790034935,True
DW-13195,1080.76,-86.87,6,0.24444444444444446,-8.03786224508679,True
NS-18640,2964.82,-234.76000000000002,13,0.21538461538461537,-7.918187276124689,True
SM-20320,25043.07,-1980.75,5,0.24666666666666667,-7.909373730936344,True
AH-10465,2495.4,-196.13000000000002,5,0.14,-7.859661777670915,True
SS-20875,964.6300000000001,-75.57,5,0.24000000000000002,-7.834091827954759,True
JH-15430,309.28999999999996,-24.060000000000002,4,0.31428571428571433,-7.7791069869701595,True
CM-11935,565.39,-43.730000000000004,2,0.2,-7.7344841613753355,True
EH-14005,1219.52,-94.13999999999996,7,0.17272727272727273,-7.719430595644185,True
SG-20890,47.95,-3.700000000000001,3,0.4,-7.716371220020857,True
MG-18205,16.740000000000002,-1.2399999999999998,1,0.44999999999999996,-7.407407407407406,True
LC-16870,2580.71,-188.26999999999998,8,0.24000000000000002,-7.295279206109946,True
AG-10675,3489.06,-246.39999999999995,7,0.16133333333333333,-7.062074025668803,True
GH-14485,1361.24,-95.45,2,0.4666666666666666,-7.011989068790221,True
PF-19120,9062.859999999999,-614.3,4,0.12105263157894738,-6.778213499932692,True
AC-10420,925.8000000000001,-62.129999999999995,3,0.32,-6.71095268956578,True
SH-20395,2180.7,-144.51999999999998,10,0.23333333333333334,-6.6272297885999905,True
AA-10315,5563.56,-362.87,5,0.09090909090909091,-6.522262723867452,True
MD-17350,3766.4,-241.98,7,0.32941176470588235,-6.424702633814783,True
DK-12985,1687.0300000000002,-107.37,5,0.1625,-6.364439280866375,True
SG-20470,1884.8000000000002,-119.01000000000002,8,0.15,-6.314197792869271,True
PS-18760,2181.48,-134.44,6,0.22380952380952382,-6.162788565560994,True
KN-16390,2617.29,-151.15000000000003,9,0.21764705882352942,-5.775057406706939,True
TH-21100,2422.83,-135.22,5,0.17142857142857146,-5.581076674797654,True
EM-13810,2567.0,-133.82,5,0.14285714285714285,-5.213089209193611,True
SP-20620,5440.32,-270.42999999999995,9,0.25,-4.970847303099817,True
AG-10765,170.59,-8.420000000000002,4,0.45999999999999996,-4.935811008851633,True
JS-15685,1131.07,-54.870000000000005,4,0.20909090909090908,-4.851158637396448,True
PO-19195,1056.85,-49.69,5,0.19,-4.701707905568435,True
BS-11755,2562.38,-113.31,7,0.13214285714285715,-4.422060740405405,True
AR-10405,2236.12,-98.76,5,0.09999999999999999,-4.416578716705723,True
AC-10660,657.3100000000001,-28.700000000000006,5,0.18333333333333335,-4.366280750330895,True
JH-16180,2256.39,-96.96,4,0.22000000000000003,-4.297129485594246,True
CS-11950,3036.5299999999997,-126.42,11,0.2636363636363636,-4.163304824915282,True
GH-14665,146.94,-5.809999999999999,2,0.24,-3.9539948278208787,True
DP-13165,1058.62,-40.94,2,0.15000000000000002,-3.867298936351099,True
AW-10930,2852.95,-104.54000000000002,7,0.30625,-3.66427732697734,True
KL-16555,5016.47,-182.79,8,0.29545454545454547,-3.6437973315897434,True
LM-17065,1346.78,-44.88000000000001,5,0.05714285714285715,-3.3323928184261726,True
SO-20335,2602.58,-81.06999999999998,6,0.1366666666666667,-3.114985898608303,True
MG-18145,3061.54,-93.63,4,0.1875,-3.058264794841812,True
DO-13435,1300.03,-38.88999999999999,9,0.15769230769230771,-2.9914694276285925,True
MC-18100,2218.99,-64.16999999999999,10,0.26842105263157895,-2.891856204849954,True
GT-14755,226.43,-6.139999999999996,4,0.2,-2.711654816057941,True
ML-17410,2921.5099999999998,-76.17999999999996,6,0.16666666666666666,-2.6075556818220704,True
EB-13750,3236.32,-80.28999999999998,10,0.145,-2.4809042369110585,True
JW-15955,1244.09,-29.57999999999999,7,0.08181818181818182,-2.377641488959801,True
EA-14035,2846.71,-52.730000000000004,13,0.3,-1.8523137235615852,True
SW-20245,1085.06,-19.609999999999992,7,0.25999999999999995,-1.807273330507068,True
MT-18070,1319.44,-23.680000000000007,4,0.2427272727272727,-1.7947007821500036,True
SJ-20215,1341.04,-23.52,6,0.37,-1.7538626737457497,True
JF-15490,1082.92,-18.049999999999997,11,0.14666666666666667,-1.6667897905662465,True
DL-13495,3539.32,-52.79000000000001,8,0.05000000000000001,-1.4915294463343245,True
JH-15910,959.48,-13.549999999999994,7,0.14444444444444446,-1.4122232876141236,True
NR-18550,2367.27,-25.130000000000024,5,0.22307692307692306,-1.0615603627807568,True
LB-16795,4985.68,-52.169999999999945,8,0.23750000000000002,-1.046396880666227,True
AG-10330,660.97,-5.1399999999999935,5,0.23333333333333334,-0.7776449763226763,True
HF-14995,2533.16,-13.86999999999999,7,0.13157894736842105,-0.5475374630895795,True
JC-15340,71.27,-0.3500000000000001,4,0.22499999999999998,-0.4910902202890418,True
NS-18505,2575.87,-12.310000000000006,4,0.20666666666666667,-0.4778967882695946,True
BS-11380,3887.8199999999997,-17.52999999999995,5,0.27692307692307694,-0.45089536038190947,True
ON-18715,1567.52,-5.8799999999999955,9,0.16,-0.3751148310707357,True
MD-17860,1204.91,-4.030000000000001,5,0.2875,-0.3344648147994457,True
PL-18925,239.49,-0.7599999999999998,5,0.25,-0.3173410163263601,True
AH-10120,1735.53,-2.300000000000037,7,0.23750000000000002,-0.1325243585532971,True
RH-19555,740.39,0.3099999999999987,2,0.5333333333333333,0.04186982536230888,False
EB-13930,944.6000000000001,0.6100000000000048,5,0.17142857142857143,0.06457759898369729,False
KS-16300,88.47,0.11000000000000032,3,0.275,0.12433593308466181,False
DL-12925,3272.2,4.210000000000036,6,0.03571428571428571,0.12865961738280168,False
JG-15310,2240.58,3.8199999999999896,6,0.2545454545454545,0.1704915691472739,False
SP-20920,3990.6699999999996,14.69,6,0.2714285714285714,0.368108613340617,False
EB-13705,3644.97,13.620000000000008,9,0.25833333333333336,0.3736656268775877,False
GB-14530,1568.44,7.850000000000008,11,0.16999999999999998,0.5004973094284773,False
TS-21505,2243.28,11.38999999999998,6,0.19285714285714287,0.5077386683784448,False
PO-18850,7473.839999999999,38.469999999999985,11,0.21,0.514728707063571,False
GG-14650,2223.99,12.68999999999999,9,0.15,0.5705960908097605,False
JM-15250,3159.11,19.810000000000002,6,0.2894736842105263,0.6270753471705639,False
MG-17680,2350.2000000000003,25.89,4,0.225,1.101608373755425,False
GM-14680,3163.63,35.47000000000001,6,0.14545454545454548,1.1211804161675043,False
JK-15730,4867.21,55.050000000000026,10,0.3325,1.1310381101288012,False
RC-19960,885.75,10.539999999999992,6,0.17272727272727273,1.1899520180637868,False
MH-17290,2394.02,28.76999999999999,6,0.18846153846153849,1.201744346329604,False
LW-16825,2238.06,32.57000000000002,5,0.20666666666666667,1.4552782320402502,False
BB-10990,744.3299999999999,11.57,5,0.2,1.5544180672551156,False
AS-10090,3255.3,64.52999999999999,9,0.18,1.9823057782692837,False
CY-12745,2900.02,60.639999999999986,8,0.2,2.0910200619306067,False
MM-17920,3794.07,82.10999999999996,11,0.18125,2.1641667127912756,False
JL-15835,9799.94,228.91999999999996,11,0.08823529411764706,2.335932668975524,False
TS-21430,2054.14,48.70000000000001,5,0.15714285714285717,2.370821852454069,False
CB-12025,6076.15,150.20999999999998,10,0.16346153846153846,2.472124618384997,False
JL-15235,2203.7,54.510000000000005,5,0.22000000000000003,2.473567182465853,False
EP-13915,5478.06,144.94,17,0.19741935483870968,2.645827172393146,False
DB-13555,3908.8,109.35000000000001,7,0.15142857142857144,2.797533769954973,False
AJ-10780,4867.34,150.71999999999997,7,0.08666666666666667,3.0965578734996932,False
MH-18115,5503.09,170.98000000000002,9,0.16818181818181818,3.1069817139098217,False
GM-14695,6049.959999999999,188.72,3,0.05454545454545456,3.1193594668394504,False
EH-14125,3082.64,96.27000000000001,10,0.20555555555555557,3.122972517063297,False
KB-16315,1569.45,49.720000000000006,9,0.19545454545454544,3.1679887858804046,False
BF-11275,791.99,25.880000000000003,3,0.15000000000000002,3.267718026742762,False
JE-15745,6760.8099999999995,221.77,13,0.14565217391304347,3.280228256673387,False
CR-12580,2148.85,74.39999999999999,4,0.13333333333333333,3.462317053307583,False
RD-19930,970.95,35.04,4,0.31,3.6088367063185536,False
SJ-20125,3949.6499999999996,144.13,12,0.23333333333333336,3.6491841049206895,False
HA-14920,2584.17,99.13999999999997,8,0.2,3.836434909468029,False
SC-20380,5992.530000000001,236.67000000000007,9,0.19,3.949417024195124,False
ME-17725,1908.45,77.81000000000002,8,0.2246153846153846,4.07713065576777,False
LC-17050,2095.06,86.76999999999998,5,0.27222222222222225,4.141647494582493,False
CV-12805,2370.33,98.97999999999999,9,0.2431578947368421,4.175789868921205,False
KT-16480,4642.1,194.07,10,0.14769230769230768,4.180650998470519,False
JK-16120,2932.49,122.66000000000003,10,0.20588235294117646,4.182793462211296,False
DK-13225,4802.39,209.90000000000003,9,0.19473684210526318,4.370740402174751,False
LH-16750,287.43,12.629999999999999,3,0.3666666666666667,4.394113349337229,False
CM-12715,3984.4500000000003,176.32,4,0.30923076923076925,4.425202976571422,False
MP-18175,5087.93,226.48,9,0.15526315789473685,4.451319102267523,False
PG-18820,3086.9,137.48000000000002,13,0.16923076923076924,4.453659010657942,False
CK-12205,3154.83,141.25,13,0.234375,4.477261849291405,False
Dp-13240,7198.77,333.37000000000023,11,0.18620689655172415,4.630930006098267,False
JH-15820,528.92,26.07,6,0.15000000000000002,4.928911744687288,False
CT-11995,3241.9,161.22000000000003,8,0.16111111111111112,4.973009654832044,False
SJ-20500,1318.77,68.09,5,0.14285714285714285,5.163144445202727,False
MS-17830,370.34000000000003,19.43,4,0.18,5.246530215477669,False
KN-16450,2171.97,114.3,5,0.28125,5.262503625740687,False
ES-14080,4657.93,246.68,9,0.26,5.295914708894294,False
FM-14290,3736.2,198.11,9,0.18,5.302446335849259,False
SV-20935,1903.49,106.9,8,0.23076923076923078,5.616000084056129,False
DS-13180,2881.8,163.68,9,0.15350000000000003,5.679783468665418,False
EG-13900,1832.02,104.26,5,0.2,5.690985906267399,False
KL-16645,14175.23,806.84,12,0.19999999999999998,5.691900589972791,False
BG-11695,1874.18,107.59,6,0.1375,5.740643908269217,False
SC-20305,3979.0600000000004,229.15,7,0.21666666666666667,5.7588978301407865,False
AS-10240,584.62,33.72,7,0.2692307692307692,5.767849201190517,False
EM-14200,366.83,21.78,3,0.125,5.937355178147916,False
CR-12820,1397.88,83.27,3,0.13142857142857142,5.956877557444129,False
NB-18655,1972.61,117.64,9,0.1735294117647059,5.963672494816512,False
EB-14110,3071.14,184.76,6,0.2090909090909091,6.016007085316853,False
TD-20995,1434.56,88.18,9,0.24375000000000002,6.146832478251172,False
CM-12190,1475.14,91.21000000000001,6,0.07142857142857142,6.18314193907019,False
RP-19270,954.64,59.519999999999996,4,0.19333333333333336,6.234811028241012,False
RA-19915,4793.53,304.88,9,0.27954545454545454,6.3602397398159605,False
LC-16930,4492.9400000000005,288.28,8,0.17142857142857143,6.416288666218555,False
MO-17500,922.49,59.360000000000014,4,0.22000000000000003,6.434758100358813,False
MS-17980,855.12,55.23,6,0.17272727272727273,6.458742632612966,False
TS-21655,3368.08,220.9,5,0.19285714285714287,6.558632811572172,False
PH-18790,729.6500000000001,47.89,1,0.2,6.563420818200506,False
RC-19825,966.4100000000001,63.99,6,0.11000000000000001,6.621413271799753,False
CA-12775,3041.58,204.49,7,0.18823529411764706,6.723150467848947,False
JD-16015,385.43,26.759999999999998,6,0.3090909090909091,6.942894948499079,False
PF-19165,2770.0,196.87999999999997,6,0.05,7.107581227436823,False
TP-21565,1936.62,139.22000000000003,4,0.24,7.188813499808948,False
BS-11665,3288.12,238.73,3,0.18181818181818182,7.260379791491794,False
DB-13210,2332.5699999999997,169.95,10,0.18571428571428572,7.2859549766995215,False
EK-13795,1303.48,97.1,4,0.0875,7.449289594009881,False
DB-12970,2839.23,213.01000000000002,5,0.16571428571428573,7.502386210345763,False
AO-10810,161.28,12.1,1,0.2,7.502480158730158,False
FM-14380,2523.26,191.5,9,0.15714285714285717,7.589388330968667,False
MM-18280,775.41,58.89,9,0.14166666666666666,7.5946918404457,False
AG-10900,4510.79,343.66999999999996,10,0.16666666666666666,7.618842819107073,False
CJ-12010,11164.97,858.7500000000001,8,0.1885,7.691467151277613,False
MC-18130,1581.99,121.74,5,0.05454545454545456,7.695371020044374,False
EH-13945,684.18,53.54,8,0.29411764705882354,7.825426057470257,False
RL-19615,6234.91,488.15,8,0.21875,7.829303069330591,False
CP-12085,5402.25,427.03,8,0.14285714285714285,7.9046693507334895,False
NP-18700,7903.18,631.23,7,0.19615384615384618,7.987038128955685,False
JB-16045,2518.11,201.52,5,0.1888888888888889,8.002827517463494,False
FO-14305,2678.4300000000003,215.58000000000004,10,0.22,8.048744973734614,False
BE-11455,1727.6499999999999,139.20999999999998,6,0.14615384615384613,8.057766329985819,False
ND-18370,4326.14,353.64,9,0.21111111111111114,8.174492734862948,False
DM-12955,1322.03,108.75999999999999,7,0.16666666666666666,8.226742207060353,False
MB-18085,1428.24,117.80000000000001,7,0.2,8.247913515935698,False
CC-12670,2269.69,187.83,7,0.16785714285714287,8.275579484422984,False
RH-19600,2085.74,172.63,3,0.10909090909090909,8.276678780672569,False
KT-16465,3057.1,254.01999999999998,7,0.2285714285714286,8.309181904419221,False
SF-20200,3422.7799999999997,286.90999999999997,9,0.12666666666666665,8.382367549185163,False
ME-18010,1256.95,107.35,4,0.16666666666666666,8.540514738056405,False
BC-11125,2933.67,251.61,9,0.1111111111111111,8.576629273231141,False
AT-10435,1171.8100000000002,100.87,6,0.19999999999999998,8.60805079321733,False
AH-10075,3250.35,281.2,10,0.135,8.651376005660929,False
MC-17605,2258.2,195.45,8,0.2222222222222222,8.655123549729874,False
LD-16855,5.3,0.46,1,0.2,8.679245283018869,False
JB-15400,1791.62,156.05,10,0.20625000000000002,8.709994306828458,False
LC-17140,2633.57,231.11999999999998,9,0.18421052631578946,8.775920138822965,False
LS-16975,2988.65,262.62,9,0.2818181818181818,8.787245077208773,False
CK-12325,2945.32,261.23,5,0.18333333333333335,8.8693248950878,False
MS-17770,3144.67,280.86,9,0.09999999999999999,8.931302807607794,False
SW-20755,758.6899999999999,68.24,2,0.1,8.994450961525787,False
RP-19390,5153.06,465.25,12,0.14800000000000002,9.028616006799844,False
MG-17650,3785.28,341.90999999999997,7,0.1285714285714286,9.032621100684757,False
NB-18580,273.87,24.79,2,0.1,9.05173987658378,False
TH-21235,1022.21,92.72,8,0.2076923076923077,9.070543234756068,False
LC-16960,3246.63,299.47,4,0.2857142857142857,9.224026144032429,False
LP-17095,3653.4,338.45,7,0.18666666666666665,9.26397328515903,False
CC-12475,1659.45,154.85,9,0.16153846153846155,9.331404983578896,False
SW-20350,1019.04,95.84,3,0.21666666666666667,9.404930130318732,False
EB-13870,2767.2200000000003,261.52,10,0.29090909090909095,9.45063999248343,False
AZ-10750,1622.03,154.95999999999998,6,0.125,9.55346078679186,False
CG-12040,904.48,86.51,6,0.18888888888888888,9.564611710596143,False
TC-21475,1244.98,119.09999999999998,9,0.2636363636363636,9.566418737650402,False
AJ-10960,629.25,60.43,3,0.04,9.603496225665474,False
GM-14440,3582.8199999999997,347.27,7,0.11818181818181818,9.692644341608007,False
CL-12700,2353.59,229.0,5,0.1875,9.729817002961433,False
MH-17620,1252.8,122.35,4,0.23333333333333336,9.766123882503193,False
GA-14725,1398.3899999999999,136.70000000000002,11,0.17954545454545456,9.775527570992358,False
BP-11185,3675.86,363.59,9,0.19444444444444445,9.891290745567023,False
EB-13975,1643.2600000000002,162.89,4,0.2833333333333333,9.912612733225416,False
CJ-11875,16.52,1.65,1,0.2,9.987893462469733,False
MO-17800,1687.03,169.34,8,0.16363636363636364,10.037758664635483,False
FP-14320,4046.75,406.46,8,0.13571428571428573,10.044109470562796,False
CC-12220,3913.43,393.97,12,0.11818181818181818,10.067127813708181,False
SC-20230,4371.96,440.14,4,0.10909090909090911,10.067338219013896,False
JC-15775,2772.06,279.58,9,0.12187500000000001,10.08564028195638,False
SZ-20035,3625.34,366.42999999999995,11,0.22000000000000003,10.107465782519705,False
AW-10840,649.37,65.78,4,0.2,10.129818131419684,False
FM-14215,2456.64,249.68,10,0.09333333333333334,10.1634753158786,False
JF-15295,955.12,97.29,5,0.1142857142857143,10.18615461931485,False
BM-11785,1338.82,137.72,10,0.25,10.286670351503563,False
BO-11350,2682.73,278.78000000000003,5,0.2333333333333333,10.391653278563256,False
LR-16915,5142.89,535.49,6,0.17500000000000002,10.41223903291729,False
DB-13060,4531.65,473.02000000000004,7,0.1846153846153846,10.438140633102734,False
IM-15070,4930.49,514.6600000000001,7,0.16666666666666666,10.438313433350439,False
JO-15280,1934.27,202.14000000000001,6,0.17272727272727273,10.450454176511036,False
SM-20950,5563.400000000001,581.57,12,0.1272727272727273,10.453499658482222,False
BF-11020,2888.5,302.01,8,0.2571428571428572,10.45559979227973,False
SV-20365,11470.939999999999,1199.45,10,0.15625,10.45642292610719,False
CA-12265,2648.29,279.62,9,0.18941176470588236,10.558511341280601,False
DV-13465,3341.58,353.21,6,0.11333333333333334,10.570149450260056,False
LS-17230,368.88,39.19,3,0.11666666666666665,10.624051181956192,False
JW-16075,1428.73,154.06,4,0.32857142857142857,10.78300308665738,False
MH-17785,2203.78,238.56,7,0.07272727272727274,10.825036981912895,False
LT-17110,2936.26,320.98,8,0.24642857142857144,10.931593251278837,False
AR-10825,4523.33,494.83,8,0.07692307692307693,10.939506956158406,False
EM-13960,933.6999999999999,102.29999999999998,5,0.2333333333333333,10.956409981792866,False
DS-13030,1762.21,193.34,4,0.1394736842105263,10.971450621662573,False
LE-16810,1469.45,161.75,6,0.2555555555555556,11.007519820340944,False
KH-16510,5952.860000000001,656.12,7,0.10869565217391304,11.021928955157687,False
AS-10285,3214.24,354.63,6,0.225,11.033090248394645,False
SC-20575,902.73,100.23,5,0.34285714285714286,11.102987604267058,False
SC-20845,280.63,31.18,2,0.2,11.110715176567009,False
DH-13675,1043.09,116.68,4,0.12272727272727274,11.185995455809184,False
PM-18940,1405.3999999999999,157.88,3,0.15,11.233812437740145,False
DC-13285,1174.6200000000001,132.08,5,0.07857142857142858,11.244487578961706,False
RD-19480,4272.9400000000005,480.59000000000003,8,0.10666666666666667,11.247291092315828,False
MS-17365,7443.68,844.9499999999999,10,0.16041666666666668,11.351240246759666,False
DK-13375,3318.49,377.04999999999995,8,0.10869565217391304,11.36209541086458,False
AH-10585,738.5,83.97,4,0.12000000000000002,11.37034529451591,False
MA-17995,2453.2900000000004,280.78000000000003,6,0.041666666666666664,11.445039110745162,False
WB-21850,6160.1,714.34,11,0.2054054054054054,11.596240320774013,False
SB-20170,1348.02,157.68,3,0.18571428571428572,11.697155828548539,False
MN-17935,2477.94,290.82,6,0.26,11.736361655245888,False
RB-19705,2067.45,243.07999999999998,4,0.1571428571428571,11.757479020048853,False
AC-10615,2537.69,298.82,5,0.1111111111111111,11.775275939929621,False
CC-12100,1770.9499999999998,208.6,6,0.21538461538461537,11.778988678392954,False
BT-11395,2186.61,257.90000000000003,6,0.15,11.79451296756166,False
SV-20785,4105.32,485.03000000000003,9,0.184,11.814669745598396,False
BM-11575,808.16,95.58000000000001,6,0.18,11.826865967135221,False
BG-11740,1006.35,119.35,6,0.14285714285714285,11.85969096238883,False
MC-17590,2426.07,288.99,6,0.17058823529411765,11.911857448466037,False
TS-21160,2163.63,260.88,6,0.22352941176470587,12.057514454874447,False
MV-17485,1560.03,189.01,9,0.24000000000000002,12.115792645013236,False
JK-15370,2709.62,330.29,8,0.12352941176470589,12.189532111513794,False
GD-14590,1888.0800000000002,230.94999999999996,4,0.13333333333333333,12.232002881233843,False
SH-20635,2096.3900000000003,260.63,2,0.2,12.432324138161313,False
JR-15700,863.88,107.99,1,0.2,12.500578784090383,False
RE-19405,48.36,6.05,1,0.2,12.510339123242348,False
HA-14905,2163.3199999999997,270.86,7,0.22999999999999998,12.520570234639353,False
AG-10495,2356.86,295.68,8,0.20476190476190476,12.54550546065528,False
CA-12055,1679.72,211.26,5,0.3,12.577096182697115,False
CH-12070,1537.24,195.16000000000003,3,0.15000000000000002,12.695480211287762,False
SA-20830,4767.34,610.14,10,0.19285714285714284,12.798331983873606,False
PM-19135,4115.66,526.76,4,0.1285714285714286,12.798919249889446,False
CM-11815,1673.89,214.45,6,0.12000000000000002,12.811475067059364,False
BH-11710,6255.34,802.8,8,0.18333333333333335,12.833834771571167,False
CC-12610,2540.63,331.45000000000005,7,0.27499999999999997,13.04597678528554,False
PN-18775,1467.16,192.04,8,0.12307692307692308,13.08923362141825,False
NP-18670,3908.4,514.6,5,0.02,13.166513151161602,False
TZ-21580,1707.28,224.9,4,0.08888888888888889,13.173000328007124,False
SP-20860,4282.92,566.71,10,0.20833333333333334,13.231860506383498,False
JL-15175,1571.52,209.28,5,0.21428571428571427,13.317043372021992,False
KD-16270,8282.36,1107.6999999999996,5,0.1875,13.37420735152782,False
CS-12175,844.46,113.14999999999999,5,0.1625,13.399095279823792,False
BD-11620,1538.12,206.76999999999998,6,0.17500000000000002,13.443034353626505,False
PR-18880,1840.18,247.61,5,0.11666666666666668,13.455748894129924,False
GP-14740,236.53,31.840000000000003,2,0.13999999999999999,13.461294550374161,False
EH-13765,10310.869999999999,1393.49,12,0.07187500000000001,13.514766455206981,False
DD-13570,269.53000000000003,36.44,6,0.24444444444444446,13.519830816606685,False
JM-15655,864.95,117.20000000000002,5,0.15833333333333335,13.54991618012602,False
MM-17260,1314.02,178.41,4,0.13333333333333333,13.577418912954139,False
TB-21625,2797.68,379.88,9,0.14,13.578393526064453,False
RB-19465,4715.47,640.54,12,0.13478260869565217,13.583799706073837,False
JG-15805,1507.02,206.10000000000002,6,0.06666666666666668,13.675996337142177,False
KC-16675,1146.05,156.77,4,0.08571428571428573,13.679158849962917,False
MB-17305,1548.71,212.43,10,0.17368421052631577,13.716577022166836,False
KH-16330,3312.87,454.79,8,0.1388888888888889,13.727976044939888,False
BN-11470,265.31,36.61,4,0.16666666666666666,13.798952169160605,False
JD-15895,7610.87,1050.26,11,0.075,13.799473647559346,False
DJ-13510,2501.69,345.26,8,0.06923076923076923,13.801070476357982,False
SB-20185,6411.0,885.47,6,0.1416666666666667,13.811729839338637,False
TW-21025,5278.82,737.39,7,0.10000000000000002,13.968841521400616,False
CB-12415,1949.21,272.4,8,0.3333333333333333,13.974892392302522,False
BT-11680,3196.75,447.77,7,0.07,14.007038398373348,False
NW-18400,7234.02,1023.1200000000001,7,0.21363636363636365,14.143173505187987,False
MY-17380,2254.29,319.14,7,0.3076923076923077,14.15700730606976,False
BW-11200,1738.41,247.0,6,0.15,14.208385823827522,False
TC-21295,4266.8099999999995,606.37,8,0.13125,14.211319463486774,False
HR-14770,1299.29,185.57999999999998,5,0.04615384615384616,14.283185432043656,False
MZ-17335,593.61,85.02000000000001,4,0.06666666666666667,14.32253499772578,False
SP-20650,1872.4299999999998,268.46999999999997,9,0.15333333333333332,14.338052690888311,False
JK-15325,383.80999999999995,55.33,3,0.1,14.415987076939112,False
KN-16705,2280.58,329.77000000000004,8,0.12000000000000001,14.45991809101194,False
CS-11845,1278.96,185.37,5,0.275,14.493807468568212,False
DM-13525,1376.8,199.78,3,0.16999999999999998,14.510459035444509,False
JE-15715,8697.86,1262.2800000000002,10,0.3227272727272727,14.512535267295634,False
RD-19900,3133.92,455.53000000000003,9,0.05714285714285715,14.5354699545617,False
RB-19570,528.53,76.9,5,0.16666666666666666,14.54978903751916,False
AB-10015,886.15,129.34,3,0.06666666666666667,14.595723071714723,False
RD-19720,1419.74,207.34,10,0.1575,14.604082437629426,False
JS-15880,3868.0099999999998,564.97,5,0.14666666666666667,14.606218701606256,False
LP-17080,756.6,110.79,4,0.1111111111111111,14.64314036478985,False
CG-12520,1148.78,169.93,3,0.2,14.792214349135605,False
CC-12430,2870.05,424.63,10,0.05789473684210527,14.795212626957719,False
SG-20605,3124.84,463.27,6,0.09230769230769233,14.825399060431893,False
PC-18745,1832.07,272.68,4,0.22000000000000003,14.883710775243305,False
BB-11545,6765.73,1015.06,9,0.195,15.002963464400738,False
EB-13840,4358.13,656.2,5,0.125,15.056916613318098,False
PV-18985,2876.05,434.54,5,0.08461538461538462,15.108916743450218,False
KM-16720,4909.47,745.77,8,0.08928571428571429,15.190438071726684,False
BT-11530,2684.5,409.49,5,0.1,15.25386477928851,False
TT-21070,4915.59,751.97,7,0.1142857142857143,15.297655011911083,False
LW-17125,1259.04,192.63,3,0.0,15.299752192146398,False
ND-18460,2893.46,443.34,6,0.0875,15.322140274964921,False
MS-17710,1613.39,247.43,6,0.22,15.336031585667445,False
MH-17440,400.02,61.43,4,0.07777777777777778,15.35673216339183,False
JO-15550,1090.85,167.68,5,0.23636363636363636,15.371499289544852,False
DB-13660,1155.21,177.66,7,0.16,15.379021996000727,False
SN-20710,3127.97,481.75,7,0.1168421052631579,15.401362545037198,False
LW-17215,5420.5199999999995,837.24,7,0.16666666666666666,15.445750592194107,False
KA-16525,1519.51,234.91,7,0.05454545454545456,15.45958894643668,False
AF-10870,2052.9100000000003,317.97,7,0.2,15.488745244555288,False
PS-18970,1278.65,198.53,8,0.05384615384615384,15.526531889101786,False
BS-11590,2454.9300000000003,381.78,6,0.3,15.551563588371152,False
NG-18430,1395.94,217.09999999999997,5,0.1111111111111111,15.552244365803686,False
RH-19495,3621.38,563.78,5,0.1,15.568098349248075,False
JK-16090,3747.66,586.67,3,0.19999999999999998,15.654301617542679,False
KF-16285,10604.26,1660.12,7,0.03333333333333334,15.655217808691976,False
SV-20815,1271.0900000000001,199.64000000000001,4,0.19999999999999998,15.706204910745894,False
MV-18190,1734.58,273.84000000000003,7,0.08636363636363636,15.787106965374905,False
Co-12640,1300.08,205.63,5,0.175,15.816718971140237,False
CM-12235,2305.71,365.03000000000003,5,0.07500000000000001,15.831565981845072,False
CC-12145,2471.65,392.28999999999996,7,0.08181818181818182,15.871583759836543,False
HM-14980,736.28,117.27,4,0.17142857142857146,15.927364589558321,False
NC-18535,8241.74,1314.77,7,0.13666666666666666,15.952577975039251,False
MH-18025,2984.95,476.90000000000003,5,0.13,15.976817032111093,False
JD-16060,695.4399999999999,111.12,3,0.049999999999999996,15.978373403888188,False
MP-17965,3983.65,638.15,9,0.255,16.019228596889786,False
TS-21205,5371.11,862.9,7,0.15789473684210525,16.065580485225585,False
AG-10300,367.55,59.3,4,0.08,16.13385933886546,False
MC-17575,1303.89,210.74,8,0.29090909090909095,16.162406337957954,False
NZ-18565,2488.33,402.42,9,0.175,16.172292260270947,False
SF-20965,3336.53,539.94,9,0.2705882352941177,16.18268080910407,False
CS-12130,884.64,143.82999999999998,4,0.1142857142857143,16.258591065292094,False
BT-11305,2567.66,417.58,5,0.044444444444444446,16.26305663522429,False
TB-21250,1602.3700000000001,260.59999999999997,7,0.2473684210526316,16.263409824197904,False
AS-10630,833.41,136.48,7,0.18333333333333335,16.376093399407253,False
SH-19975,3406.86,558.45,13,0.13620689655172413,16.391926876948276,False
AH-10690,7888.3,1298.0,12,0.21739130434782608,16.454749439042633,False
AR-10510,264.87,43.65,5,0.21428571428571427,16.479782534828406,False
PB-19210,132.74,21.9,2,0.1,16.49841795992165,False
ZD-21925,1493.94,249.13,5,0.1111111111111111,16.676037859619527,False
MJ-17740,6320.75,1054.54,7,0.21333333333333335,16.683779614760905,False
SG-20080,3406.58,570.4499999999999,3,0.06818181818181818,16.74553364371305,False
NG-18355,1869.57,313.63,5,0.08750000000000001,16.77551522542617,False
LC-16885,7663.13,1288.3600000000001,12,0.1565217391304348,16.812451309060396,False
PG-18895,1987.15,334.51,9,0.09411764705882353,16.833656241350678,False
AA-10645,5086.9400000000005,857.8,6,0.06388888888888888,16.862789810770323,False
AS-10225,4260.78,719.77,5,0.06153846153846154,16.89291632048592,False
MC-17275,2725.98,461.02,8,0.13076923076923078,16.912082994005825,False
SW-20275,1966.65,332.87,6,0.028571428571428574,16.925736658785244,False
VG-21790,846.02,143.63,6,0.07500000000000001,16.977140020330488,False
EJ-14155,2656.69,451.88,5,0.0625,17.009135427919706,False
KH-16360,3100.6,528.2,6,0.15,17.035412500806295,False
JF-15355,1911.8400000000001,330.2,6,0.07500000000000001,17.271319775713447,False
SL-20155,3053.01,527.98,7,0.17777777777777778,17.29375272272282,False
CA-12310,1421.96,246.01000000000002,4,0.11818181818181818,17.300767954091537,False
KM-16375,5620.18,973.7800000000001,8,0.13999999999999999,17.32649132234199,False
KD-16345,1888.96,328.59,6,0.13,17.39528629510418,False
CV-12295,2830.63,493.09000000000003,5,0.07692307692307693,17.41979700632015,False
AP-10915,3323.55,579.31,10,0.09354838709677421,17.43045839539047,False
ME-17320,10663.73,1859.45,10,0.1318181818181818,17.437144413821432,False
AP-10720,1638.55,285.8,8,0.1631578947368421,17.44225077049831,False
FA-14230,2984.05,520.53,7,0.25882352941176473,17.443742564635308,False
EM-14065,228.99,40.150000000000006,4,0.25,17.533516747456225,False
PO-18865,2493.22,437.85,7,0.04615384615384616,17.561627132784114,False
DG-13300,3195.82,562.7700000000001,5,0.1,17.60956499427377,False
MT-17815,2890.14,509.02,6,0.12999999999999998,17.612295598137116,False
TG-21640,2074.67,365.70000000000005,4,0.13,17.62689969971128,False
MS-17530,475.65999999999997,84.02,4,0.15714285714285717,17.663877559601396,False
JJ-15760,195.0,34.46,2,0.06666666666666667,17.671794871794873,False
BP-11095,2442.05,433.97,12,0.165,17.77072541512254,False
CL-12565,10880.56,1933.79,12,0.1142857142857143,17.772890365937048,False
JO-15145,3254.9500000000003,581.41,9,0.07307692307692308,17.86233275472741,False
LT-16765,329.87,59.04,3,0.13333333333333333,17.897959802346378,False
EJ-13720,2162.1800000000003,387.02,4,0.175,17.899527328899534,False
RB-19435,2663.07,477.23,8,0.1625,17.92029499787839,False
CC-12370,12129.08,2177.0499999999997,5,0.2818181818181818,17.949011796442925,False
SC-20260,3729.7999999999997,671.01,8,0.19722222222222222,17.990508874470482,False
DB-13270,4655.900000000001,841.84,8,0.2076923076923077,18.081144354474965,False
JP-16135,1707.71,309.71,9,0.15384615384615385,18.135983275848943,False
KC-16540,3908.27,709.4300000000001,4,0.2,18.15202122678321,False
LH-17155,1739.69,316.54,9,0.07894736842105263,18.195195695784882,False
EH-13990,825.9499999999999,150.37,6,0.0625,18.205702524365883,False
DE-13255,2550.87,464.47999999999996,5,0.1111111111111111,18.208689584337893,False
GT-14710,11820.12,2163.42,11,0.1,18.30285986944295,False
JD-16150,8828.039999999999,1619.5500000000002,8,0.05588235294117647,18.345521769271553,False
MC-17845,3805.71,698.42,7,0.09999999999999999,18.351897543428166,False
FC-14335,3889.36,714.29,7,0.16,18.365232326141058,False
RK-19300,1460.19,269.69,3,0.07500000000000001,18.469514241297365,False
RH-19510,6979.18,1289.45,6,0.03333333333333333,18.475666195742193,False
VB-21745,2005.59,371.25,6,0.16999999999999998,18.510762419038787,False
SC-20800,279.25,51.83,4,0.12000000000000002,18.560429722470904,False
KH-16630,3918.96,727.38,9,0.10588235294117647,18.560536468859084,False
JL-15505,3173.87,591.71,6,0.07058823529411766,18.643170640259367,False
ML-18040,742.08,138.71,3,0.25,18.69205476498491,False
HG-14845,785.62,147.01,5,0.19,18.71260914946157,False
MP-17470,3206.12,600.3,7,0.12142857142857144,18.72356617968136,False
HP-14815,1990.3100000000002,373.87,7,0.3,18.784510955579783,False
SK-19990,883.4100000000001,168.79,3,0.22000000000000003,19.10664357433128,False
NF-18595,2031.48,388.2,7,0.11666666666666668,19.109220863606826,False
BD-11320,5718.53,1094.51,12,0.07894736842105263,19.13970898115425,False
RF-19345,3309.14,633.7,8,0.1375,19.14999063200711,False
AM-10705,5664.0199999999995,1085.75,8,0.06363636363636363,19.169247283731345,False
CR-12730,1600.55,306.92,4,0.26666666666666666,19.175908281528226,False
ED-13885,3484.9100000000003,670.45,8,0.21428571428571427,19.23866039582084,False
PB-19150,1456.95,280.66,8,0.1272727272727273,19.263529977006762,False
BD-11605,3288.48,634.83,7,0.0725,19.304663552766023,False
CD-12280,1205.58,233.01,2,0.08461538461538462,19.32762653660479,False
BW-11110,4750.360000000001,921.26,8,0.1411764705882353,19.39347754696486,False
TM-21010,2955.23,573.3000000000001,8,0.05263157894736842,19.399505283852697,False
ST-20530,433.34,84.46000000000001,7,0.20000000000000004,19.490469377394195,False
TT-21220,1427.05,278.75,8,0.21333333333333335,19.53330296766056,False
HK-14890,4877.8,956.97,8,0.21333333333333335,19.618885563163722,False
RS-19420,3221.29,633.45,5,0.0,19.664482241586448,False
JB-16000,644.12,126.75999999999999,7,0.07428571428571429,19.67956281438241,False
CS-11860,537.63,105.82,6,0.2285714285714286,19.682681397987462,False
QJ-19255,6108.34,1203.69,9,0.12307692307692308,19.70568108520482,False
MH-17455,2456.1800000000003,484.79,8,0.16363636363636364,19.737559950817936,False
ML-17755,2071.91,409.51,7,0.1076923076923077,19.764854651022485,False
DL-13315,1458.25,288.87,8,0.1823529411764706,19.809360534887706,False
AB-10165,1113.8500000000001,220.82,8,0.13571428571428573,19.82493154374467,False
AI-10855,4375.79,867.73,10,0.07222222222222223,19.830247795255257,False
DB-12910,2171.61,431.38,8,0.15416666666666667,19.86452447723118,False
JE-15475,1388.69,276.24,6,0.18461538461538465,19.892128552808764,False
TS-21370,11891.75,2371.73,6,0.11666666666666667,19.94433115395127,False
JK-15625,3760.0299999999997,750.9399999999999,7,0.11666666666666668,19.9716491623737,False
KM-16660,453.53999999999996,91.15,5,0.044444444444444446,20.097455571724655,False
DK-13090,2650.5499999999997,536.4,7,0.13846153846153847,20.237309237705382,False
RW-19690,3495.64,707.5500000000001,5,0.07333333333333333,20.24092869975169,False
SC-20440,1875.0,379.56,7,0.27999999999999997,20.2432,False
DW-13540,344.08,69.66,5,0.17777777777777778,20.24529179260637,False
LL-16840,2741.2,560.02,6,0.016666666666666666,20.429738800525318,False
BS-11800,949.4300000000001,194.05,2,0.0,20.438578936835786,False
KH-16690,5990.79,1227.51,7,0.12666666666666665,20.48995207643733,False
LW-16990,3230.3,662.8299999999999,6,0.10909090909090911,20.519146828467942,False
JR-16210,2201.69,452.36999999999995,5,0.22000000000000003,20.54648928777439,False
JM-15535,1733.45,356.53,7,0.09,20.56765410020479,False
PP-18955,7252.61,1495.1100000000001,10,0.1088235294117647,20.614785573745177,False
JM-15865,7625.070000000001,1574.6100000000001,7,0.1846153846153846,20.650433373070673,False
VP-21730,993.9,205.39,3,0.04,20.665056846765268,False
BV-11245,1523.28,315.23,5,0.09285714285714285,20.69415997058978,False
AY-10555,497.02,103.34,4,0.1,20.79191984225987,False
JP-15520,3635.59,757.19,7,0.059375000000000004,20.8271559774342,False
RA-19285,2617.89,546.09,9,0.1647058823529412,20.85992917960648,False
EC-14050,461.90999999999997,96.44,5,0.09999999999999999,20.87852611980689,False
VM-21685,2454.87,513.54,7,0.10000000000000002,20.919234012391694,False
AH-10030,1744.6999999999998,365.22,7,0.09090909090909091,20.93311170974953,False
JE-15610,7754.97,1623.4099999999999,7,0.16,20.93380116235137,False
TT-21460,5364.8,1124.5000000000002,7,0.1285714285714286,20.960706829704744,False
CK-12595,2372.75,497.69,11,0.184,20.975239700769148,False
CD-11920,2033.97,426.65,5,0.044444444444444446,20.976218921616343,False
KB-16585,2744.7400000000002,579.36,12,0.10869565217391304,21.108010230477202,False
NK-18490,572.0500000000001,121.23,7,0.1272727272727273,21.19220347871689,False
RW-19630,3279.75,698.85,9,0.1375,21.308026526412075,False
BP-11050,983.42,209.78,5,0.14285714285714285,21.331679241829534,False
TT-21265,439.5,93.92,3,0.0,21.369738339021616,False
DL-12865,1503.12,322.24,8,0.15,21.438075469689714,False
RW-19540,7397.400000000001,1586.6399999999999,7,0.13478260869565217,21.448617081677344,False
GA-14515,3919.77,840.89,8,0.0642857142857143,21.452534204813038,False
BD-11770,658.46,141.28,6,0.12000000000000002,21.456124897488078,False
CD-12790,1860.74,403.84999999999997,5,0.02666666666666667,21.703730773778172,False
SE-20110,12209.440000000002,2650.67,11,0.1105263157894737,21.710004717661086,False
DJ-13630,3356.4,731.57,3,0.0625,21.79626981289477,False
HG-15025,3690.2799999999997,804.6200000000001,7,0.17272727272727273,21.80376556792439,False
EL-13735,124.28,27.11,2,0.0,21.813646604441583,False
RR-19525,3302.2599999999998,721.6899999999999,6,0.06000000000000001,21.854426968197536,False
NP-18325,5529.62,1208.9099999999999,6,0.05714285714285715,21.862442627160632,False
SC-20050,4624.57,1011.73,9,0.18666666666666668,21.877277238748686,False
BD-11725,1526.5,333.99,6,0.02,21.879462823452343,False
DK-12895,4282.16,937.66,5,0.08000000000000002,21.896893156724644,False
TB-21190,816.1700000000001,179.01,4,0.025,21.932930639450113,False
DB-13615,1989.05,438.8,7,0.14545454545454548,22.060782785751993,False
MK-18160,1031.6000000000001,227.84,4,0.0818181818181818,22.0860798759209,False
MG-17890,776.39,171.74,9,0.11923076923076924,22.12032612475689,False
JG-15160,6366.4,1415.67,11,0.1111111111111111,22.23658582558432,False
IL-15100,5040.74,1121.93,7,0.07142857142857142,22.257247943754294,False
GK-14620,6497.280000000001,1448.56,9,0.15714285714285717,22.29486800630417,False
TG-21310,3058.38,682.1700000000001,5,0.2111111111111111,22.3049457555961,False
TB-21280,2198.46,490.96999999999997,6,0.1,22.332450897446392,False
CM-12445,288.0,64.43,3,0.07777777777777778,22.371527777777782,False
EN-13780,2199.36,496.10999999999996,4,0.044444444444444446,22.557016586643382,False
NF-18475,377.17,85.92,4,0.25,22.780178699260283,False
HR-14830,5248.8,1196.95,7,0.09999999999999999,22.80426002133821,False
LH-16900,2295.32,526.0699999999999,9,0.12666666666666665,22.91924437551191,False
DP-13000,1050.63,241.45,9,0.2117647058823529,22.981449225702672,False
EM-14095,1041.04,240.23,4,0.1,23.07596249903942,False
TB-21175,3589.2899999999995,829.18,4,0.09090909090909091,23.101504754422187,False
MW-18220,5341.900000000001,1238.43,7,0.07857142857142858,23.18332428536663,False
Dl-13600,755.6,175.22999999999996,5,0.21666666666666667,23.19084171519322,False
DO-13645,1267.32,294.07,7,0.09090909090909091,23.20408420919736,False
PW-19030,3454.91,803.82,10,0.038461538461538464,23.266018506994396,False
HW-14935,9300.25,2164.17,8,0.045,23.27001962312841,False
LO-17170,644.35,150.16,5,0.25555555555555554,23.304104911926746,False
BN-11515,1459.3400000000001,340.71999999999997,5,0.023529411764705882,23.347540669069573,False
JC-16105,858.5699999999999,201.6,5,0.044444444444444446,23.48090429434991,False
PK-19075,8646.93,2038.2599999999998,12,0.07600000000000001,23.572065461383403,False
NC-18340,2461.41,580.3,5,0.0411764705882353,23.575917868213747,False
KE-16420,1686.73,397.89,8,0.21466666666666667,23.589430436406538,False
PO-19180,4893.05,1155.45,9,0.10555555555555557,23.614105721380323,False
LA-16780,8673.23,2059.13,11,0.11538461538461539,23.74121290453499,False
SC-20695,2576.4,611.8199999999999,10,0.15714285714285717,23.747088961341404,False
EB-14170,1186.33,282.17,6,0.2285714285714286,23.78511881179773,False
RE-19450,876.7,209.22,5,0.13333333333333333,23.86449184441656,False
YC-21895,5454.35,1305.6399999999999,5,0.07500000000000001,23.937591097014305,False
AM-10360,814.01,194.99,5,0.125,23.954251176275477,False
DJ-13420,2012.52,483.03,4,0.0,24.001252161469203,False
KW-16570,449.1,107.93,4,0.04,24.032509463371188,False
KD-16615,2243.5099999999998,539.72,5,0.1076923076923077,24.056946481183505,False
GB-14575,4716.3,1135.84,5,0.037500000000000006,24.083285626444457,False
LS-17200,1010.25,244.19,6,0.2,24.171244741400642,False
DH-13075,4932.87,1193.74,6,0.0782608695652174,24.199705242586976,False
KB-16240,3152.61,763.9200000000001,7,0.15,24.231351166176598,False
NL-18310,1418.0800000000002,343.64,4,0.06000000000000001,24.23276542931287,False
BD-11635,582.65,141.54,3,0.1,24.292456878057152,False
AA-10480,1790.51,435.82,4,0.016666666666666666,24.34055101619092,False
SC-20725,5226.2,1276.64,11,0.15000000000000002,24.42769124794306,False
CM-12115,1661.6100000000001,409.07,4,0.028571428571428574,24.61889372355727,False
JK-15640,4760.44,1172.53,9,0.10000000000000002,24.63070640529027,False
AC-10450,5527.85,1366.01,7,0.18888888888888888,24.71141583074794,False
CB-12535,4246.46,1049.55,8,0.05,24.715880992638574,False
CM-12655,6339.56,1572.44,6,0.072,24.80361413094915,False
BS-11365,10501.650000000001,2616.06,5,0.011111111111111112,24.91094256616817,False
GZ-14470,4355.150000000001,1087.75,9,0.07857142857142858,24.97617762878431,False
SS-20140,1324.03,332.33,8,0.11428571428571428,25.099884443705957,False
VD-21670,6442.26,1617.8,6,0.07500000000000001,25.112305309006466,False
DR-12880,6528.03,1641.8600000000001,9,0.13333333333333333,25.150926083366652,False
ML-17395,2722.84,684.93,9,0.17250000000000001,25.15498523600358,False
RD-19585,2912.9,734.52,10,0.03157894736842106,25.21610765903395,False
FH-14275,4256.28,1073.28,10,0.1285714285714286,25.21638614000959,False
JF-15190,2279.59,575.12,7,0.12105263157894736,25.229098215029893,False
DN-13690,2139.79,540.53,7,0.018181818181818184,25.260890087345018,False
TP-21130,4454.06,1129.13,9,0.08750000000000001,25.350579022285284,False
AT-10735,3831.87,974.12,10,0.08750000000000001,25.421530479896237,False
DP-13105,2214.9900000000002,563.17,8,0.1142857142857143,25.425396954388052,False
PS-19045,6843.629999999999,1742.74,7,0.0846153846153846,25.465140575980875,False
MR-17545,639.1800000000001,162.94,4,0.20000000000000004,25.49203667198598,False
JF-15565,4198.32,1073.19,8,0.17500000000000002,25.562367804264568,False
TC-21145,1038.26,265.53,1,0.0,25.57451890663225,False
DW-13480,5271.63,1348.75,5,0.03636363636363637,25.585065719710983,False
DB-13405,1711.69,438.92,4,0.028571428571428574,25.64249367584084,False
AJ-10795,4501.39,1158.71,7,0.08333333333333333,25.741159952814574,False
JP-15460,1669.1299999999999,429.73999999999995,7,0.14,25.746346899282855,False
GM-14455,3078.63,793.29,6,0.16666666666666666,25.7676304070317,False
BD-11500,4411.25,1142.13,6,0.135,25.891300651742704,False
CS-12355,3202.16,831.94,11,0.08181818181818182,25.980588103030456,False
MF-18250,1758.3,456.86,5,0.06666666666666667,25.983051811408746,False
CL-11890,1262.01,328.08000000000004,4,0.05714285714285715,25.996624432452997,False
BF-11170,5907.97,1538.22,11,0.12222222222222222,26.036354280742792,False
XP-21865,2374.66,621.23,11,0.04642857142857143,26.160797756310377,False
EH-14185,923.88,242.13,6,0.28750000000000003,26.20794908429666,False
AA-10375,1056.39,277.4,9,0.08000000000000002,26.2592413786575,False
ML-18265,162.23000000000002,42.669999999999995,2,0.06666666666666667,26.30216359489613,False
DM-13015,6345.09,1677.41,7,0.22999999999999998,26.436346844568003,False
YS-21880,6720.4400000000005,1778.31,8,0.05000000000000001,26.461213849093213,False
AB-10060,7755.63,2054.6,8,0.044444444444444446,26.491722787188145,False
TB-21055,1467.89,390.22,5,0.05555555555555555,26.58373583851651,False
JM-16195,2833.92,754.12,10,0.06315789473684212,26.610490063233964,False
TM-21490,1094.6799999999998,292.53,3,0.05,26.722877918661165,False
PF-19225,2206.12,591.3,5,0.06000000000000001,26.802712454444904,False
JF-15415,2371.45,635.64,6,0.07142857142857142,26.803854182040528,False
CS-12250,2754.22,738.37,12,0.05714285714285715,26.80867904524693,False
DB-13360,1081.47,291.01,5,0.08333333333333333,26.908744579137654,False
RM-19375,1453.47,392.16,6,0.044444444444444446,26.980949039195856,False
DK-12835,3256.48,881.13,12,0.17777777777777778,27.05774333022159,False
SW-20455,2921.54,793.64,7,0.1111111111111111,27.165125242166805,False
AH-10210,4805.35,1308.56,9,0.09230769230769233,27.231315096715115,False
RP-19855,2170.71,594.61,8,0.13333333333333333,27.392419991615647,False
HJ-14875,358.1,98.67,5,0.10000000000000002,27.553755934096618,False
JK-15205,4427.14,1219.98,5,0.13076923076923078,27.556842566532797,False
JM-15265,1804.14,502.63,5,0.13846153846153847,27.85981132284634,False
RD-19810,1137.61,318.45,8,0.1875,27.992897390142492,False
GR-14560,1284.38,359.83,2,0.0,28.015852006415543,False
KM-16225,2260.95,635.12,6,0.021052631578947368,28.090846767951525,False
JW-15220,7721.71,2173.71,6,0.07142857142857142,28.15062984753377,False
GH-14425,4172.84,1176.4099999999999,4,0.19,28.192070628157317,False
JJ-15445,709.1700000000001,200.56,5,0.06666666666666667,28.28094815065499,False
AJ-10945,1839.24,521.14,7,0.04,28.334529479567642,False
AG-10270,2582.9,732.75,5,0.014285714285714287,28.369274846103217,False
CS-12460,550.64,156.26,2,0.06666666666666667,28.377887549033847,False
LD-17005,1961.9299999999998,557.15,4,0.028571428571428574,28.39805701528597,False
NH-18610,2673.29,760.1700000000001,7,0.05454545454545456,28.43574771162126,False
FG-14260,1383.1299999999999,394.73999999999995,7,0.11818181818181818,28.539616666546163,False
ES-14020,3510.46,1003.3,5,0.125,28.580300017661504,False
JL-15850,2725.25,779.9,6,0.23636363636363636,28.617558022199795,False
DP-13390,5480.73,1571.8300000000002,9,0.18571428571428572,28.679208791529597,False
EM-14140,4588.44,1319.3700000000001,6,0.06666666666666668,28.754217119543902,False
MA-17560,4299.16,1240.23,11,0.09411764705882353,28.848193600610355,False
AB-10255,914.53,264.57,9,0.1,28.929614118727653,False
RS-19765,4159.77,1206.3899999999999,8,0.1142857142857143,29.0013630561305,False
JG-15115,2358.6600000000003,684.2,3,0.24285714285714288,29.007996065562647,False
RM-19750,98.35,28.68,1,0.0,29.16115912557194,False
EM-13825,2339.6,682.56,8,0.0625,29.17421781501111,False
JE-16165,2697.25,789.6499999999999,3,0.028571428571428574,29.27611456112707,False
FH-14365,6987.2,2050.28,8,0.13846153846153847,29.343370735058393,False
TC-21535,742.5500000000001,217.95000000000002,7,0.11000000000000001,29.351558817588042,False
SU-20665,2595.38,763.48,7,0.13333333333333333,29.416886929852275,False
FW-14395,79.75,23.5,3,0.0,29.46708463949843,False
SC-20680,1254.64,370.16999999999996,6,0.0,29.504080851877823,False
HM-14860,8236.76,2437.97,10,0.231,29.59865286836086,False
RF-19840,945.22,280.02,8,0.0818181818181818,29.624849241446434,False
CC-12550,113.84,33.87,3,0.15000000000000002,29.752283907238226,False
CC-12685,2854.12,850.15,4,0.25,29.78676439673174,False
KB-16600,983.9300000000001,293.56,7,0.2666666666666667,29.835455774292885,False
SF-20065,763.54,228.17000000000002,7,0.1,29.88317573408073,False
RD-19660,2786.63,835.77,5,0.08,29.992141044918053,False
BM-11650,7294.18,2199.28,11,0.08448275862068966,30.151161611037843,False
CA-11965,3789.7200000000003,1143.3899999999999,6,0.11200000000000002,30.170830562680084,False
KB-16405,908.8199999999999,274.28,3,0.044444444444444446,30.179793578486386,False
RF-19735,2341.3,711.63,7,0.014285714285714287,30.39465254345876,False
CR-12625,475.9,144.77,3,0.0,30.420256356377394,False
BT-11485,415.19999999999993,126.87,2,0.06666666666666667,30.556358381502896,False
AD-10180,6106.88,1869.92,8,0.05833333333333333,30.61989100817439,False
TB-21400,9133.99,2798.37,7,0.07058823529411766,30.636884866307057,False
VM-21835,380.69,116.64,5,0.11249999999999999,30.639102681972208,False
MZ-17515,2564.89,787.75,6,0.27999999999999997,30.71281809356347,False
PB-18805,740.36,229.23,3,0.12000000000000002,30.96196444972716,False
PA-19060,729.41,225.86,6,0.1857142857142857,30.964752334078234,False
HE-14800,883.53,274.4,4,0.018181818181818184,31.057236313424557,False
FH-14350,2271.29,706.2800000000001,4,0.10714285714285714,31.095985100977863,False
DK-13150,797.8299999999999,249.94,2,0.12000000000000002,31.32747577804796,False
PB-19105,688.3299999999999,218.16,4,0.12000000000000002,31.69410021356036,False
MW-18235,5253.88,1665.52,2,0.06666666666666667,31.700762103435938,False
RM-19675,5979.089999999999,1902.55,5,0.045454545454545456,31.820059574283043,False
TA-21385,14595.619999999999,4703.8,4,0.07999999999999999,32.22747646211672,False
TB-21355,834.33,268.96,5,0.06153846153846154,32.23664497261275,False
DM-13345,4074.4700000000003,1319.07,8,0.1,32.374026560509705,False
SS-20590,418.49,135.54,6,0.0,32.38787067791345,False
SD-20485,6121.1,1985.19,9,0.10476190476190476,32.431915832121675,False
AB-10150,966.71,313.65999999999997,5,0.13333333333333333,32.446131725129554,False
SS-20515,613.4,199.93,3,0.0,32.59373981089012,False
TR-21325,675.9399999999999,220.35999999999999,5,0.028571428571428574,32.60052667396515,False
CW-11905,1136.5900000000001,370.84,6,0.09090909090909091,32.62742061781292,False
RB-19645,221.09,72.68,5,0.14285714285714285,32.87349043376001,False
PW-19240,3922.41,1290.34,7,0.1708333333333333,32.89661203188856,False
BF-11215,1585.17,523.22,4,0.05,33.00718534920545,False
BE-11410,2261.44,755.91,5,0.16,33.42604712041884,False
RA-19885,3832.3199999999997,1292.8700000000001,7,0.04000000000000001,33.73596150634603,False
GZ-14545,2454.62,828.6600000000001,4,0.04,33.759196942907664,False
IM-15055,2872.63,975.78,3,0.1,33.96817550467689,False
DR-12940,8350.87,2869.08,8,0.15384615384615383,34.35665984502213,False
AG-10390,200.95,69.27,5,0.22499999999999998,34.47126150783777,False
LS-17245,1008.14,348.36,6,0.08333333333333333,34.55472454222628,False
GM-14500,1255.6799999999998,441.32,10,0.11538461538461539,35.14589704383283,False
BE-11335,4204.68,1487.79,5,0.022222222222222223,35.38414338308741,False
FC-14245,3418.7400000000002,1217.18,7,0.1357142857142857,35.60317543890439,False
DA-13450,156.76,56.79,4,0.125,36.22735391681552,False
PJ-18835,1220.1,442.14000000000004,8,0.07692307692307693,36.2380132776002,False
BD-11560,320.54,116.71000000000001,2,0.0,36.410432395332876,False
NM-18520,2161.98,788.95,10,0.26,36.49201195200696,False
AR-10570,88.15,32.64,1,0.0,37.02779353374929,False
AS-10135,58.82,21.84,2,0.06666666666666667,37.13022781366882,False
KD-16495,8181.240000000001,3038.58,12,0.08750000000000001,37.14082461827302,False
LB-16735,50.19,18.65,3,0.26666666666666666,37.158796573022514,False
JM-15580,303.94,113.12,5,0.1142857142857143,37.217871948410874,False
PJ-19015,1824.23,683.0100000000001,7,0.08,37.44100250516657,False
AB-10105,14473.57,5444.81,10,0.24,37.61898412071106,False
BF-10975,599.79,227.44,7,0.14615384615384613,37.91993864519249,False
DL-13330,585.02,222.69,4,0.05,38.06536528665686,False
BP-11155,1697.87,647.38,6,0.0818181818181818,38.128949801810506,False
HH-15010,218.67000000000002,86.73,2,0.03333333333333333,39.662505144738645,False
KW-16435,4416.52,1756.1399999999999,5,0.11000000000000001,39.76298080841929,False
KC-16255,2120.9500000000003,846.12,6,0.02,39.89344397557698,False
BF-11080,272.95,110.92999999999999,3,0.0,40.641143066495694,False
MC-17425,4432.139999999999,1802.4,5,0.12,40.66658544179562,False
SC-20095,14142.340000000002,5757.419999999999,9,0.06363636363636364,40.71051890988336,False
NP-18685,1228.7,514.5,6,0.18571428571428572,41.873524863677055,False
NM-18445,6459.34,2751.69,7,0.042857142857142864,42.600172773069694,False
RS-19870,22.330000000000002,9.58,2,0.06666666666666667,42.90192566054635,False
IG-15085,744.5699999999999,320.49,4,0.028571428571428574,43.04363592409042,False
CM-12385,8954.01,3899.91,4,0.12,43.55489886654136,False
AR-10540,6608.450000000001,2884.61,6,0.06666666666666668,43.65032647595124,False
HL-15040,12873.3,5622.429999999999,6,0.018181818181818184,43.675126036059126,False
BO-11425,130.83,59.46,2,0.0,45.44829167622105,False
SR-20740,4345.88,1990.43,8,0.03333333333333333,45.80039025467799,False
RB-19360,15117.349999999999,6976.089999999999,6,0.09444444444444444,46.14624917726983,False
TC-20980,19052.22,8981.32,5,0.11666666666666665,47.140543201789605,False
JC-15385,1058.1100000000001,502.93,1,0.05,47.530975040402225,False
