match_id_a,match_id_b,shared_strength,shared_cm_est,shared_segments_est
M0059,M0079,0.72,34.0,1
M0175,M0231,0.779,41.5,7
M0113,M0204,0.48,6.3,5
M0120,M0122,0.73,13.2,3
M0058,M0153,0.726,22.2,3
M0244,M0246,0.277,9.0,2
M0172,M0229,0.311,10.1,1
M0013,M0033,0.339,17.6,3
M0147,M0163,0.267,17.1,3
M0001,M0206,0.441,34.3,3
M0071,M0190,0.74,10.7,3
M0151,M0245,0.816,55.5,8
M0008,M0147,0.693,14.7,1
M0020,M0095,0.213,12.3,1
M0027,M0227,0.526,25.1,1
M0231,M0241,0.666,36.7,2
M0012,M0067,0.505,8.4,1
M0031,M0103,0.201,6.3,1
M0145,M0206,0.238,8.4,2
M0082,M0085,0.358,26.5,1
M0010,M0201,0.536,29.7,3
M0018,M0039,0.201,9.4,1
M0073,M0114,0.37,12.2,3
M0189,M0199,0.431,14.0,4
M0011,M0237,0.727,39.5,5
M0102,M0220,0.417,33.3,2
M0147,M0192,0.322,15.0,1
M0146,M0156,0.368,20.9,1
M0014,M0127,0.765,45.5,8
M0020,M0237,0.228,6.0,1
M0029,M0086,0.459,7.5,1
M0001,M0259,0.721,30.5,3
M0014,M0250,0.663,50.9,3
M0134,M0211,0.193,6.6,1
M0085,M0210,0.245,12.4,2
M0108,M0161,0.644,18.0,3
M0224,M0253,0.444,5.8,3
M0074,M0112,0.17,6.9,1
M0107,M0214,0.521,20.0,5
M0048,M0214,0.56,31.3,3
M0013,M0249,0.39,7.1,2
M0105,M0260,0.6,14.9,5
M0183,M0241,0.483,13.6,2
M0182,M0222,0.46,9.8,4
M0171,M0223,0.771,21.8,1
M0125,M0199,0.533,6.4,1
M0094,M0122,0.424,15.0,1
M0019,M0188,0.453,4.9,2
M0110,M0223,0.416,30.1,3
M0063,M0212,0.443,33.4,4
M0134,M0239,0.45,8.9,2
M0079,M0211,0.602,34.6,4
M0059,M0179,0.35,16.7,3
M0007,M0032,0.273,19.9,1
M0206,M0210,0.364,17.0,1
M0105,M0243,0.305,17.9,1
M0007,M0219,0.671,25.8,4
M0065,M0096,0.349,25.0,1
M0213,M0224,0.406,13.9,2
M0033,M0087,0.473,31.3,4
M0107,M0221,0.34,24.0,2
M0195,M0224,0.626,47.9,2
M0147,M0199,0.614,39.4,1
M0029,M0238,0.752,22.5,3
M0202,M0229,0.238,13.5,2
M0126,M0184,0.648,45.5,2
M0070,M0129,0.449,16.3,2
M0053,M0185,0.539,33.3,3
M0088,M0216,0.722,19.7,6
M0219,M0254,0.539,20.7,4
M0053,M0163,0.826,22.3,3
M0075,M0171,0.201,15.2,1
M0001,M0175,0.696,17.7,2
M0209,M0224,0.405,18.2,3
M0154,M0182,0.447,12.0,4
M0144,M0157,0.376,28.6,2
M0015,M0196,0.347,12.5,1
M0222,M0245,0.185,11.0,1
M0043,M0250,0.742,48.9,4
M0035,M0046,0.536,23.6,5
M0080,M0165,0.277,20.7,2
M0025,M0193,0.534,39.6,4
M0104,M0199,0.263,12.6,1
M0064,M0162,0.295,4.4,3
M0112,M0159,0.47,29.8,1
M0038,M0108,0.374,18.0,3
M0048,M0056,0.671,26.1,3
M0100,M0195,0.642,10.1,1
M0012,M0055,0.553,34.2,4
M0063,M0076,0.759,49.4,4
M0023,M0159,0.802,42.2,5
M0137,M0226,0.561,41.8,5
M0041,M0247,0.504,27.4,1
M0139,M0245,0.368,7.0,3
M0031,M0168,0.588,20.2,1
M0138,M0247,0.718,10.5,3
M0047,M0233,0.775,61.8,2
M0072,M0245,0.818,52.9,3
M0095,M0128,0.2,8.4,1
M0077,M0187,0.878,22.5,7
M0101,M0128,0.531,29.0,4
M0083,M0211,0.717,52.4,1
M0021,M0115,0.747,24.5,6
M0080,M0191,0.616,12.9,5
M0166,M0207,0.288,9.1,3
M0076,M0244,0.445,19.2,2
M0131,M0137,0.668,22.2,6
M0089,M0246,0.746,31.2,3
M0065,M0174,0.575,42.3,3
M0111,M0238,0.61,40.9,4
M0184,M0247,0.775,14.6,2
M0171,M0187,0.472,4.8,4
M0008,M0062,0.294,3.9,3
M0198,M0207,0.778,19.2,4
M0038,M0084,0.234,11.9,1
M0112,M0179,0.705,9.4,6
M0044,M0103,0.55,43.0,2
M0032,M0143,0.778,61.2,4
M0009,M0148,0.38,28.2,3
M0205,M0228,0.791,46.4,6
M0048,M0213,0.675,42.5,6
M0097,M0120,0.812,49.3,3
M0046,M0088,0.747,11.1,7
M0056,M0163,0.46,26.6,2
M0016,M0149,0.473,30.9,3
M0044,M0258,0.455,33.2,5
M0031,M0224,0.662,47.6,1
M0031,M0149,0.306,7.9,3
M0120,M0244,0.368,7.6,3
M0125,M0207,0.461,9.6,2
M0027,M0160,0.336,25.8,0
M0241,M0254,0.373,20.0,3
M0159,M0253,0.556,9.7,2
M0171,M0221,0.417,29.2,4
M0002,M0042,0.484,37.0,2
M0003,M0043,0.465,23.7,1
M0038,M0106,0.459,22.5,2
M0007,M0096,0.379,23.7,3
M0183,M0246,0.334,12.6,1
M0117,M0126,0.348,15.8,1
M0144,M0152,0.385,8.1,2
M0118,M0135,0.723,57.8,6
M0148,M0203,0.254,10.9,1
M0115,M0204,0.441,28.3,1
M0043,M0244,0.338,14.8,1
M0051,M0209,0.576,37.3,1
M0095,M0260,0.644,21.5,5
M0017,M0237,0.584,24.3,6
M0010,M0246,0.19,6.3,1
M0121,M0195,0.51,19.9,2
M0054,M0243,0.163,5.4,0
M0002,M0123,0.479,7.4,4
M0102,M0231,0.431,18.3,3
M0027,M0054,0.204,12.7,1
M0015,M0140,0.583,23.6,6
M0010,M0195,0.239,12.2,0
M0120,M0140,0.643,18.8,3
M0113,M0137,0.448,24.0,4
M0205,M0210,0.208,11.3,1
M0148,M0202,0.393,26.2,1
M0134,M0165,0.741,49.3,7
M0056,M0065,0.445,4.9,4
M0114,M0209,0.445,30.6,1
M0019,M0062,0.456,18.5,1
M0080,M0100,0.5,13.2,4
M0048,M0227,0.289,15.9,1
M0065,M0095,0.483,15.1,4
M0056,M0057,0.56,24.2,2
M0033,M0064,0.265,11.4,1
M0079,M0227,0.821,33.2,6
M0037,M0226,0.552,14.7,1
M0024,M0070,0.378,25.2,1
M0008,M0208,0.519,19.6,5
M0139,M0213,0.473,37.2,3
M0139,M0197,0.226,14.9,1
M0182,M0207,0.459,35.8,1
M0026,M0164,0.179,8.5,1
M0154,M0155,0.382,10.8,2
M0094,M0168,0.292,11.9,0
M0056,M0223,0.632,22.0,5
M0138,M0189,0.229,9.4,0
M0009,M0078,0.431,30.9,4
M0125,M0196,0.495,26.7,3
M0015,M0100,0.548,36.6,2
M0077,M0078,0.817,43.1,2
M0018,M0209,0.542,43.1,5
M0096,M0240,0.409,4.5,2
M0094,M0158,0.342,24.0,1
M0017,M0032,0.374,6.3,1
M0088,M0199,0.616,17.8,5
M0094,M0120,0.297,5.6,1
M0123,M0180,0.322,15.2,1
M0050,M0085,0.443,9.6,1
M0046,M0187,0.307,7.1,2
M0061,M0130,0.411,26.6,3
M0164,M0190,0.644,46.1,5
M0112,M0200,0.19,14.4,1
M0099,M0110,0.496,7.5,4
M0001,M0231,0.673,27.7,5
M0016,M0145,0.527,7.7,4
M0213,M0215,0.656,10.9,2
M0137,M0197,0.343,11.3,3
M0207,M0230,0.299,20.1,2
M0220,M0241,0.814,54.9,8
M0157,M0180,0.582,32.1,4
M0002,M0199,0.279,10.3,1
M0112,M0182,0.526,21.5,2
M0062,M0232,0.413,11.8,4
M0142,M0169,0.679,12.2,2
M0127,M0165,0.274,6.4,2
M0227,M0256,0.446,16.6,1
M0125,M0247,0.259,6.8,0
M0013,M0245,0.455,35.9,3
M0021,M0113,0.344,18.5,2
M0007,M0094,0.702,20.4,1
M0211,M0219,0.591,27.2,1
M0144,M0205,0.831,34.0,2
M0096,M0242,0.51,38.8,2
M0203,M0253,0.405,25.4,4
M0217,M0260,0.383,8.7,1
M0054,M0192,0.321,23.8,1
M0053,M0103,0.199,7.4,1
M0054,M0133,0.749,20.5,1
M0019,M0150,0.369,27.2,2
M0021,M0028,0.371,17.7,4
M0083,M0173,0.347,8.0,2
M0001,M0064,0.754,43.5,2
M0004,M0087,0.402,8.0,3
M0090,M0188,0.391,19.8,1
M0158,M0207,0.387,19.7,3
M0009,M0234,0.457,20.5,1
M0024,M0168,0.584,16.5,6
M0094,M0255,0.739,55.5,5
M0027,M0094,0.637,16.5,3
M0169,M0226,0.769,21.2,7
M0170,M0183,0.644,41.9,6
M0152,M0213,0.316,18.7,2
M0129,M0254,0.523,9.2,4
M0106,M0131,0.711,45.1,6
M0085,M0148,0.32,11.1,3
M0182,M0191,0.355,12.3,2
M0070,M0204,0.687,46.1,5
M0021,M0180,0.432,28.9,1
M0055,M0235,0.606,42.8,4
M0101,M0201,0.781,19.7,7
M0045,M0048,0.373,27.9,0
M0043,M0050,0.456,33.0,1
M0069,M0097,0.553,27.7,2
M0039,M0232,0.484,7.5,5
M0191,M0202,0.489,24.3,5
M0131,M0200,0.516,30.7,4
M0005,M0156,0.352,22.2,3
M0098,M0180,0.317,22.0,0
M0191,M0198,0.925,72.5,8
M0012,M0052,0.675,10.5,5
M0044,M0138,0.753,19.7,6
M0145,M0158,0.363,15.9,1
M0151,M0195,0.454,5.0,1
M0097,M0224,0.766,29.9,7
M0039,M0169,0.382,15.2,1
M0062,M0078,0.433,20.6,1
M0015,M0136,0.781,53.1,5
M0028,M0212,0.244,11.7,1
M0093,M0127,0.502,5.8,4
M0097,M0119,0.469,12.0,4
M0034,M0129,0.255,16.1,2
M0025,M0140,0.327,21.5,2
M0060,M0148,0.671,15.2,5
M0123,M0201,0.538,18.0,1
M0013,M0137,0.578,39.5,4
M0114,M0242,0.702,54.2,3
M0031,M0137,0.293,4.7,2
M0039,M0151,0.675,50.8,3
M0036,M0254,0.413,24.6,4
M0150,M0192,0.491,39.2,2
M0022,M0044,0.493,14.8,3
M0059,M0147,0.514,14.1,3
M0025,M0048,0.743,14.0,4
M0103,M0177,0.675,28.4,3
M0005,M0240,0.334,8.5,3
M0023,M0244,0.622,44.4,5
M0007,M0070,0.747,9.6,3
M0049,M0240,0.525,15.8,5
M0072,M0148,0.66,9.7,1
M0142,M0220,0.404,28.5,3
M0015,M0202,0.258,20.2,2
M0013,M0066,0.374,23.9,2
M0176,M0192,0.165,7.2,0
M0004,M0170,0.614,47.5,5
M0053,M0127,0.256,4.6,1
M0025,M0213,0.52,40.6,3
M0072,M0093,0.523,20.8,5
M0069,M0185,0.466,30.9,4
M0031,M0079,0.756,44.5,1
M0182,M0211,0.597,8.8,6
M0034,M0068,0.542,9.0,5
M0161,M0243,0.646,13.8,4
M0136,M0208,0.378,13.4,1
M0127,M0229,0.647,31.8,6
M0160,M0201,0.798,35.6,2
M0089,M0197,0.626,31.4,3
M0018,M0160,0.444,35.4,4
M0118,M0156,0.362,24.6,3
M0009,M0042,0.717,9.9,4
M0235,M0240,0.441,24.1,4
M0042,M0227,0.405,14.9,3
M0086,M0099,0.618,43.0,5
M0083,M0182,0.342,16.2,1
M0172,M0243,0.525,21.0,4
M0212,M0231,0.699,44.9,5
M0064,M0200,0.299,6.5,1
M0210,M0217,0.848,42.3,5
M0086,M0221,0.528,34.7,1
M0119,M0181,0.733,53.1,1
M0094,M0234,0.205,2.8,1
M0001,M0145,0.812,13.8,8
M0008,M0219,0.625,31.5,2
M0036,M0150,0.879,48.6,4
M0183,M0257,0.657,12.0,6
M0078,M0176,0.686,37.1,3
M0119,M0141,0.775,14.1,6
M0117,M0189,0.254,19.9,1
M0086,M0184,0.512,7.2,1
M0089,M0161,0.496,34.3,2
M0045,M0141,0.457,11.9,2
M0088,M0237,0.355,22.1,3
M0066,M0234,0.508,26.9,2
M0026,M0106,0.661,8.7,4
M0153,M0157,0.412,25.3,3
M0071,M0093,0.351,15.3,0
M0160,M0179,0.313,22.1,3
M0155,M0182,0.831,55.3,5
M0015,M0125,0.87,65.1,4
M0004,M0251,0.385,13.1,4
M0031,M0207,0.67,52.3,2
M0073,M0206,0.318,23.3,1
M0104,M0184,0.292,12.2,2
M0045,M0171,0.501,28.6,3
M0037,M0221,0.316,7.8,2
M0035,M0191,0.329,15.2,1
M0018,M0056,0.724,11.4,3
M0235,M0238,0.334,15.2,2
M0179,M0218,0.266,19.1,2
M0092,M0216,0.207,13.0,2
M0047,M0196,0.78,40.1,2
M0006,M0018,0.344,21.3,2
M0111,M0230,0.402,12.9,3
M0008,M0234,0.298,6.0,1
M0075,M0199,0.353,22.0,1
M0101,M0185,0.823,33.3,3
M0146,M0210,0.364,19.5,3
M0132,M0183,0.45,9.1,3
M0123,M0224,0.437,17.4,2
M0017,M0162,0.777,12.6,5
M0084,M0187,0.496,24.0,4
M0025,M0176,0.623,25.1,1
M0086,M0090,0.45,4.5,2
M0120,M0136,0.663,45.5,6
M0114,M0141,0.664,45.0,4
M0039,M0077,0.39,13.1,3
M0110,M0115,0.373,13.6,2
M0001,M0111,0.346,23.7,1
M0012,M0246,0.437,24.7,3
M0196,M0254,0.665,29.4,4
M0235,M0245,0.473,18.4,3
M0133,M0177,0.517,28.0,1
M0095,M0135,0.286,12.6,3
M0050,M0198,0.415,10.9,3
M0142,M0151,0.629,17.6,2
M0056,M0220,0.364,28.0,2
M0178,M0194,0.48,8.6,4
M0028,M0160,0.355,24.6,2
M0141,M0163,0.519,8.6,2
M0117,M0219,0.216,16.4,2
M0123,M0129,0.203,5.0,1
M0197,M0243,0.51,30.7,2
M0044,M0128,0.183,11.8,1
M0154,M0257,0.658,44.3,3
M0082,M0173,0.449,18.9,1
M0005,M0079,0.519,23.8,4
M0040,M0071,0.225,3.2,1
M0014,M0079,0.429,17.5,4
M0105,M0114,0.477,30.7,1
M0095,M0248,0.78,29.3,6
M0110,M0249,0.681,30.5,3
M0121,M0127,0.809,52.4,2
M0139,M0210,0.384,21.8,2
M0144,M0211,0.268,7.4,1
M0161,M0218,0.328,24.8,3
M0080,M0121,0.517,34.5,2
M0141,M0206,0.56,16.9,6
M0051,M0251,0.194,5.2,1
M0127,M0140,0.604,42.7,4
M0189,M0255,0.445,11.4,2
M0113,M0249,0.397,12.5,3
M0113,M0178,0.723,34.6,6
M0071,M0083,0.341,27.0,1
M0175,M0197,0.436,7.3,4
M0120,M0164,0.724,54.1,1
M0030,M0246,0.402,26.8,0
M0068,M0133,0.645,43.0,2
M0074,M0110,0.521,14.3,2
M0127,M0227,0.645,40.5,4
M0025,M0224,0.289,8.9,1
M0089,M0241,0.376,6.6,3
M0021,M0137,0.795,18.2,4
M0027,M0207,0.602,47.9,1
M0081,M0099,0.319,24.8,2
M0188,M0199,0.61,26.3,5
M0053,M0076,0.354,14.9,1
M0002,M0215,0.546,28.8,2
M0056,M0242,0.471,24.2,2
M0074,M0195,0.431,20.5,2
M0137,M0200,0.338,22.2,3
M0164,M0254,0.326,16.8,1
M0218,M0221,0.654,18.0,2
M0057,M0242,0.909,37.8,3
M0038,M0226,0.443,23.9,3
M0152,M0238,0.454,19.9,1
M0162,M0238,0.606,39.2,1
M0161,M0197,0.438,8.0,4
M0149,M0156,0.799,21.5,6
M0031,M0254,0.75,20.4,2
M0165,M0257,0.569,25.9,4
M0212,M0237,0.382,13.2,2
M0116,M0220,0.686,9.8,5
M0022,M0199,0.335,17.9,2
M0058,M0250,0.305,9.3,2
M0063,M0260,0.248,14.7,2
M0113,M0118,0.468,5.2,4
M0223,M0232,0.248,13.7,1
M0085,M0216,0.666,48.1,6
M0138,M0213,0.29,13.3,2
M0187,M0250,0.188,10.7,2
M0089,M0164,0.245,16.7,1
M0080,M0206,0.487,24.8,4
M0069,M0080,0.676,44.9,5
M0062,M0255,0.395,10.7,1
M0055,M0062,0.414,6.7,1
M0080,M0205,0.363,13.9,3
M0123,M0181,0.642,41.9,6
M0044,M0058,0.209,5.7,1
M0220,M0225,0.823,27.1,7
M0003,M0199,0.647,15.6,4
M0006,M0040,0.791,59.0,5
M0061,M0172,0.757,54.1,1
M0008,M0192,0.655,37.0,6
M0011,M0173,0.512,28.6,3
M0009,M0242,0.525,24.2,1
M0099,M0117,0.35,23.4,1
M0046,M0050,0.772,42.9,4
M0138,M0185,0.224,14.2,2
M0102,M0251,0.543,23.2,1
M0019,M0120,0.724,38.2,5
M0090,M0105,0.338,16.3,1
M0028,M0147,0.631,50.2,5
M0029,M0068,0.707,47.2,3
M0035,M0240,0.298,5.3,1
M0058,M0248,0.298,6.5,2
M0056,M0141,0.641,15.4,4
M0180,M0256,0.328,20.8,2
M0126,M0202,0.327,9.4,2
M0053,M0105,0.775,55.0,5
M0067,M0212,0.625,46.4,3
M0052,M0173,0.355,26.8,2
M0183,M0191,0.438,28.5,1
M0150,M0234,0.318,23.7,3
M0065,M0155,0.408,20.4,1
M0043,M0233,0.545,5.7,4
M0048,M0098,0.439,22.3,1
M0069,M0120,0.379,21.6,2
M0039,M0184,0.697,44.9,4
M0219,M0222,0.359,18.3,1
M0180,M0239,0.515,23.2,4
M0172,M0194,0.439,18.2,1
M0113,M0259,0.261,20.1,2
M0111,M0151,0.453,26.3,4
M0027,M0243,0.191,2.4,2
M0079,M0121,0.434,26.5,2
M0061,M0220,0.645,18.7,5
M0065,M0230,0.345,15.9,1
M0081,M0143,0.329,14.3,3
M0063,M0087,0.64,48.4,3
M0045,M0086,0.225,14.4,2
M0197,M0252,0.343,6.9,1
M0089,M0126,0.44,11.8,4
M0007,M0046,0.669,19.7,1
M0010,M0213,0.472,27.6,1
M0200,M0256,0.405,6.8,4
M0022,M0111,0.584,12.5,5
M0159,M0216,0.679,9.4,5
M0055,M0143,0.509,39.9,4
M0143,M0235,0.434,16.1,4
M0222,M0248,0.334,14.8,1
M0088,M0224,0.684,36.5,3
M0127,M0254,0.723,35.7,1
M0005,M0130,0.433,23.3,3
M0003,M0094,0.63,36.3,2
M0038,M0093,0.41,5.8,1
M0089,M0259,0.606,11.6,6
M0039,M0194,0.418,20.8,3
M0089,M0093,0.37,26.3,1
M0004,M0250,0.504,11.0,1
M0026,M0060,0.528,31.2,3
M0081,M0135,0.678,50.4,3
M0038,M0163,0.391,24.5,2
M0143,M0191,0.458,11.3,1
M0122,M0216,0.742,57.9,5
M0017,M0099,0.6,38.0,3
M0162,M0258,0.2,7.3,1
M0117,M0200,0.545,39.9,1
M0173,M0244,0.573,36.6,5
M0081,M0228,0.315,21.8,2
M0006,M0165,0.401,7.9,3
M0094,M0112,0.533,8.9,3
M0114,M0187,0.867,46.6,6
M0136,M0204,0.471,36.1,3
M0135,M0167,0.591,36.2,6
M0146,M0242,0.392,9.8,3
M0212,M0241,0.756,26.4,7
M0180,M0205,0.31,21.3,1
M0162,M0249,0.54,42.4,3
M0203,M0224,0.617,30.8,1
M0142,M0247,0.385,5.0,2
M0115,M0131,0.548,10.9,2
M0225,M0241,0.668,10.0,6
M0187,M0256,0.455,19.6,1
M0103,M0122,0.335,11.5,1
M0084,M0243,0.823,30.1,3
M0055,M0232,0.76,29.9,2
M0031,M0150,0.881,48.7,3
M0091,M0146,0.422,13.5,2
M0114,M0248,0.475,14.3,1
M0094,M0204,0.56,30.3,1
M0042,M0061,0.243,5.0,1
M0051,M0137,0.392,23.6,2
M0111,M0115,0.82,20.2,6
M0156,M0227,0.196,10.6,1
M0058,M0183,0.388,5.1,2
M0118,M0131,0.324,6.3,2
M0009,M0162,0.373,26.7,2
M0192,M0216,0.346,24.7,2
M0055,M0236,0.736,53.5,6
M0105,M0217,0.697,43.2,6
M0155,M0179,0.322,14.7,2
M0051,M0176,0.296,4.4,1
M0089,M0258,0.752,41.9,7
M0016,M0146,0.264,16.8,2
M0080,M0181,0.314,23.4,2
M0074,M0226,0.549,42.8,4
M0199,M0216,0.52,22.8,4
M0070,M0205,0.234,18.3,0
M0043,M0219,0.581,31.1,4
M0060,M0159,0.272,19.4,1
M0025,M0228,0.257,14.0,1
M0154,M0198,0.289,16.6,2
M0174,M0213,0.59,35.0,4
M0042,M0201,0.603,29.9,4
M0079,M0168,0.599,28.4,6
M0024,M0199,0.574,35.5,3
M0002,M0260,0.395,23.2,1
M0124,M0135,0.635,26.0,1
M0163,M0255,0.361,16.9,3
M0073,M0234,0.322,7.2,0
M0014,M0136,0.634,43.7,2
M0061,M0073,0.239,3.1,0
M0022,M0101,0.277,10.2,1
M0115,M0135,0.847,29.2,5
M0025,M0214,0.371,8.9,1
M0162,M0236,0.667,38.0,4
M0045,M0099,0.499,17.8,5
M0007,M0054,0.451,23.5,2
M0026,M0247,0.629,10.8,4
M0148,M0238,0.669,7.2,1
M0027,M0050,0.362,25.6,0
M0036,M0094,0.456,22.1,2
M0008,M0253,0.874,48.9,3
M0056,M0221,0.393,21.0,3
M0081,M0195,0.348,22.7,3
M0008,M0204,0.587,46.6,4
M0043,M0164,0.323,16.9,1
M0118,M0142,0.709,34.0,4
M0212,M0251,0.644,49.9,3
M0094,M0188,0.86,43.0,4
M0145,M0165,0.38,14.1,1
M0003,M0122,0.82,49.6,7
M0054,M0083,0.344,18.9,2
M0047,M0238,0.309,22.7,2
M0099,M0151,0.471,22.3,1
M0001,M0021,0.251,17.9,2
M0043,M0112,0.545,9.9,4
M0137,M0203,0.403,31.1,4
M0158,M0205,0.466,27.6,3
M0096,M0193,0.819,38.6,8
M0003,M0140,0.652,27.4,2
M0051,M0057,0.498,11.9,1
M0021,M0023,0.175,8.6,0
M0108,M0252,0.635,11.1,1
M0021,M0221,0.5,39.3,1
M0084,M0134,0.388,11.4,1
M0197,M0225,0.73,16.4,4
M0093,M0249,0.738,31.8,7
M0080,M0120,0.451,30.7,4
M0059,M0071,0.511,40.0,3
M0058,M0197,0.502,22.7,4
M0103,M0237,0.435,17.2,2
M0195,M0235,0.357,5.0,2
M0044,M0167,0.368,10.5,1
M0153,M0164,0.22,10.2,1
M0225,M0244,0.221,9.3,2
M0154,M0228,0.56,22.1,2
M0060,M0147,0.417,5.2,1
M0181,M0210,0.843,16.3,1
M0096,M0184,0.217,16.2,1
M0147,M0207,0.564,38.9,2
M0107,M0194,0.439,23.9,1
M0086,M0133,0.314,19.2,1
M0028,M0207,0.779,45.9,5
M0074,M0175,0.357,25.1,1
M0022,M0215,0.304,3.9,1
M0018,M0210,0.695,40.3,6
M0192,M0200,0.211,14.5,1
M0028,M0141,0.455,4.9,1
M0056,M0139,0.48,21.0,3
M0128,M0184,0.446,27.9,2
M0126,M0249,0.788,48.1,3
M0001,M0045,0.399,12.1,3
M0061,M0125,0.193,3.2,1
M0091,M0252,0.363,16.2,4
M0043,M0198,0.705,35.9,7
M0012,M0186,0.426,27.7,1
M0026,M0037,0.506,14.4,2
M0010,M0181,0.497,15.0,3
M0047,M0129,0.589,12.0,3
M0045,M0051,0.546,23.2,2
M0007,M0016,0.393,22.2,3
M0100,M0111,0.394,16.0,3
M0090,M0178,0.659,30.5,2
M0154,M0170,0.329,6.5,2
M0034,M0143,0.314,16.1,3
M0157,M0179,0.251,8.9,2
M0023,M0142,0.451,24.9,2
M0010,M0223,0.35,20.0,3
M0033,M0123,0.245,12.2,2
M0166,M0182,0.264,12.9,1
M0079,M0082,0.371,17.7,1
M0050,M0196,0.771,34.2,6
M0036,M0043,0.83,13.5,5
M0191,M0255,0.418,19.2,3
M0129,M0216,0.809,53.9,6
M0054,M0195,0.195,10.6,2
M0019,M0128,0.48,11.9,1
M0036,M0127,0.354,11.1,1
M0039,M0166,0.223,11.9,1
M0010,M0092,0.548,41.0,2
M0014,M0070,0.468,8.1,1
M0168,M0190,0.735,57.4,4
M0129,M0189,0.316,24.5,3
M0024,M0195,0.519,7.8,5
M0169,M0249,0.392,22.0,3
M0093,M0235,0.538,27.6,4
M0125,M0250,0.735,15.7,7
M0014,M0031,0.452,28.0,4
M0131,M0198,0.333,3.6,3
M0006,M0170,0.807,50.4,5
M0058,M0088,0.254,4.1,2
M0100,M0159,0.751,27.4,1
M0115,M0257,0.314,13.8,3
M0022,M0103,0.346,4.1,1
M0196,M0207,0.593,41.4,5
M0129,M0168,0.402,28.1,1
M0190,M0205,0.432,22.3,2
M0256,M0260,0.387,10.8,3
M0051,M0109,0.62,46.1,3
M0062,M0170,0.731,13.4,6
M0079,M0125,0.571,17.7,4
M0045,M0209,0.437,24.5,2
M0161,M0231,0.454,8.2,3
M0017,M0249,0.726,53.0,1
M0048,M0091,0.192,13.0,1
M0161,M0170,0.343,5.7,3
M0059,M0123,0.481,21.8,2
M0003,M0147,0.659,45.1,4
M0130,M0154,0.651,15.7,4
M0049,M0228,0.181,4.6,1
M0089,M0252,0.503,11.1,5
M0076,M0181,0.214,5.5,1
M0019,M0043,0.62,37.1,1
M0046,M0188,0.699,25.1,2
M0150,M0156,0.514,6.6,1
M0058,M0208,0.349,9.9,2
M0195,M0229,0.339,3.9,2
M0101,M0160,0.574,17.7,1
M0156,M0228,0.748,28.4,3
M0125,M0219,0.533,34.0,2
M0074,M0128,0.285,18.8,3
M0034,M0140,0.198,6.5,2
M0005,M0165,0.421,14.5,2
M0065,M0223,0.697,49.9,2
M0069,M0211,0.334,3.5,2
M0087,M0116,0.629,8.0,6
M0038,M0115,0.402,28.2,1
M0200,M0207,0.328,23.2,3
M0001,M0144,0.497,7.2,2
M0008,M0168,0.708,7.4,3
M0223,M0253,0.274,5.7,2
M0128,M0137,0.34,26.4,3
M0142,M0184,0.859,37.4,5
M0107,M0241,0.23,6.8,0
M0085,M0247,0.198,3.8,1
M0033,M0238,0.564,8.6,3
M0218,M0237,0.812,19.6,1
M0028,M0089,0.288,17.7,1
M0152,M0236,0.687,41.8,5
M0184,M0236,0.482,17.9,4
M0061,M0205,0.53,13.6,5
M0040,M0053,0.221,4.9,2
M0023,M0216,0.667,25.7,2
M0063,M0222,0.393,4.6,2
M0043,M0063,0.233,15.8,2
M0103,M0131,0.557,34.9,2
M0088,M0219,0.515,20.9,4
M0072,M0163,0.395,24.1,1
M0186,M0244,0.694,50.0,2
M0214,M0230,0.389,30.9,1
M0198,M0224,0.496,24.1,3
M0076,M0102,0.347,11.8,2
M0107,M0163,0.742,19.0,7
M0127,M0206,0.299,4.7,3
M0112,M0188,0.686,42.3,6
M0147,M0222,0.444,24.4,1
M0066,M0223,0.54,19.6,4
M0030,M0257,0.403,31.6,1
M0118,M0200,0.584,15.4,2
M0137,M0142,0.396,21.8,1
M0046,M0191,0.407,21.2,2
M0060,M0245,0.811,30.0,7
M0047,M0186,0.593,40.6,1
M0052,M0178,0.756,19.7,4
M0031,M0222,0.473,7.8,3
M0087,M0232,0.425,27.5,1
M0100,M0254,0.757,22.4,6
M0053,M0200,0.387,9.8,2
M0051,M0201,0.334,25.6,1
M0084,M0225,0.831,10.4,5
M0011,M0099,0.406,17.4,1
M0027,M0069,0.398,14.7,3
M0001,M0183,0.613,10.9,3
M0026,M0221,0.399,27.6,3
M0121,M0199,0.358,26.6,4
M0063,M0205,0.601,40.7,4
M0189,M0207,0.37,15.1,1
M0014,M0215,0.352,11.1,2
M0029,M0178,0.499,23.8,4
M0032,M0081,0.477,24.2,2
M0099,M0115,0.597,32.4,5
M0122,M0125,0.472,10.3,2
M0057,M0230,0.762,48.9,4
M0100,M0222,0.618,18.6,6
M0091,M0102,0.593,12.1,4
M0097,M0180,0.177,6.8,1
M0150,M0254,0.605,41.7,3
M0209,M0260,0.637,42.7,3
M0159,M0219,0.299,21.1,3
M0106,M0210,0.218,9.8,1
M0020,M0058,0.501,14.7,2
M0071,M0097,0.492,39.3,1
M0012,M0021,0.428,19.9,2
M0065,M0163,0.681,16.8,2
M0040,M0067,0.75,40.1,3
M0074,M0075,0.284,17.5,2
M0054,M0084,0.397,5.0,2
M0148,M0216,0.337,22.0,2
M0064,M0117,0.392,9.5,2
M0111,M0226,0.466,26.3,1
M0094,M0254,0.276,20.9,2
M0072,M0220,0.272,10.1,2
M0065,M0210,0.387,24.4,2
M0048,M0119,0.706,54.6,3
M0141,M0188,0.169,3.6,1
M0019,M0186,0.558,41.6,2
M0008,M0122,0.641,41.4,6
M0090,M0235,0.73,54.6,5
M0118,M0126,0.538,17.6,5
M0019,M0119,0.234,11.0,2
M0028,M0173,0.754,56.2,5
M0157,M0219,0.305,20.9,0
M0179,M0256,0.343,18.7,3
M0229,M0257,0.35,12.7,2
M0051,M0095,0.346,18.6,1
M0004,M0257,0.55,25.2,1
M0012,M0070,0.252,11.9,0
M0135,M0138,0.696,45.2,6
M0165,M0188,0.389,22.7,0
M0021,M0074,0.842,18.9,3
M0115,M0245,0.429,25.9,1
M0048,M0201,0.493,14.4,4
M0166,M0246,0.369,13.5,2
M0050,M0105,0.208,15.2,1
M0101,M0107,0.583,10.3,2
M0104,M0116,0.602,28.8,5
M0030,M0237,0.62,31.6,1
M0095,M0162,0.33,8.3,2
M0133,M0186,0.476,7.3,4
M0054,M0093,0.518,40.4,2
M0094,M0185,0.23,17.4,0
M0097,M0182,0.397,6.1,1
M0220,M0228,0.366,10.1,1
M0080,M0094,0.436,6.2,4
M0054,M0118,0.875,28.5,8
M0054,M0150,0.201,5.8,1
M0019,M0140,0.416,12.9,4
M0060,M0203,0.395,11.7,2
M0151,M0247,0.333,19.3,3
M0038,M0041,0.346,27.1,1
M0161,M0209,0.32,10.3,2
M0024,M0089,0.43,6.2,4
M0047,M0167,0.21,11.2,1
M0076,M0207,0.33,12.3,2
M0229,M0233,0.818,14.7,4
M0067,M0099,0.181,7.8,1
M0059,M0128,0.458,27.9,2
M0032,M0167,0.728,27.2,4
M0225,M0246,0.775,34.4,3
M0172,M0256,0.684,51.1,1
M0003,M0244,0.327,18.4,1
M0013,M0086,0.595,34.6,1
M0060,M0236,0.349,13.1,3
M0129,M0224,0.307,23.9,2
M0049,M0093,0.428,15.5,4
M0031,M0259,0.239,2.6,2
M0023,M0069,0.58,19.7,3
M0008,M0229,0.377,25.2,3
M0156,M0212,0.587,10.9,3
M0080,M0184,0.312,19.1,2
M0006,M0089,0.735,54.6,3
M0197,M0198,0.299,23.2,3
M0027,M0253,0.546,40.2,2
M0025,M0208,0.346,23.4,1
M0037,M0218,0.355,20.0,3
M0044,M0142,0.476,8.0,3
M0180,M0244,0.351,7.4,2
M0040,M0219,0.202,14.7,0
M0040,M0189,0.455,20.8,3
M0122,M0254,0.718,42.8,5
M0078,M0171,0.894,54.7,4
M0080,M0252,0.247,2.7,1
M0155,M0188,0.399,23.9,2
M0074,M0213,0.326,15.5,2
M0221,M0249,0.822,8.8,8
M0130,M0256,0.721,30.6,5
M0040,M0257,0.734,30.0,2
M0096,M0181,0.643,32.0,3
M0079,M0222,0.698,24.4,6
M0071,M0141,0.347,20.7,3
M0122,M0128,0.548,19.1,2
M0033,M0194,0.747,26.6,2
M0022,M0137,0.724,14.4,2
M0119,M0216,0.28,12.8,1
M0096,M0139,0.787,35.4,2
M0005,M0019,0.426,4.3,1
M0072,M0202,0.522,24.8,1
M0114,M0164,0.423,10.4,2
M0008,M0080,0.516,26.5,1
M0116,M0134,0.32,13.3,3
M0001,M0249,0.401,29.8,1
M0003,M0015,0.631,38.5,1
M0056,M0095,0.42,17.5,3
M0015,M0220,0.237,9.7,2
M0251,M0252,0.397,17.1,4
M0161,M0211,0.334,16.9,0
M0031,M0190,0.679,48.5,7
M0092,M0215,0.789,12.1,2
M0044,M0072,0.429,27.5,1
M0080,M0136,0.869,68.2,1
M0076,M0172,0.433,13.8,0
M0167,M0249,0.362,24.6,3
M0019,M0024,0.866,13.5,5
M0157,M0243,0.688,43.8,5
M0039,M0052,0.331,19.5,3
M0235,M0236,0.734,50.4,3
M0041,M0226,0.658,31.3,3
M0047,M0123,0.242,3.7,0
M0028,M0155,0.667,11.1,1
M0163,M0188,0.353,22.9,3
M0033,M0043,0.275,19.6,1
M0070,M0192,0.296,14.6,3
M0131,M0142,0.324,6.2,1
M0125,M0170,0.24,17.4,0
M0090,M0228,0.302,7.7,3
M0125,M0244,0.456,10.2,3
M0158,M0229,0.581,25.4,2
M0194,M0232,0.67,27.8,4
M0149,M0243,0.404,28.5,2
M0083,M0198,0.637,27.5,6
M0071,M0238,0.245,8.5,2
M0047,M0127,0.628,43.7,2
M0187,M0193,0.594,41.3,1
M0043,M0192,0.682,27.8,7
M0043,M0229,0.568,39.5,3
M0104,M0113,0.369,17.2,3
M0020,M0085,0.449,32.9,4
M0176,M0248,0.496,16.1,1
M0131,M0152,0.417,13.3,1
M0199,M0208,0.349,5.9,3
M0033,M0206,0.319,25.3,1
M0026,M0167,0.54,15.7,5
M0067,M0180,0.753,21.7,4
M0124,M0132,0.335,6.8,2
M0064,M0225,0.758,22.4,1
M0062,M0231,0.667,25.0,4
M0024,M0203,0.408,13.2,1
M0130,M0150,0.316,3.9,3
M0038,M0200,0.883,50.0,6
M0060,M0152,0.512,5.5,2
M0015,M0229,0.851,9.1,6
M0127,M0155,0.316,12.6,3
M0056,M0169,0.262,3.4,3
M0074,M0103,0.577,32.7,1
M0011,M0167,0.632,41.7,4
M0027,M0182,0.589,30.3,6
M0035,M0258,0.164,12.2,1
M0018,M0139,0.745,25.7,7
M0060,M0131,0.452,31.0,2
M0013,M0032,0.38,23.2,2
M0048,M0185,0.938,53.7,7
M0117,M0249,0.363,25.7,1
M0101,M0248,0.424,16.5,3
M0007,M0107,0.443,24.5,4
M0112,M0151,0.275,8.5,1
M0082,M0207,0.371,10.1,3
M0131,M0218,0.772,31.5,2
M0161,M0258,0.303,21.7,2
M0112,M0244,0.633,44.8,1
M0246,M0248,0.396,15.4,3
M0113,M0188,0.189,9.9,1
M0003,M0224,0.895,32.4,6
M0086,M0106,0.66,48.2,5
M0014,M0035,0.527,15.5,3
M0004,M0091,0.382,24.9,3
M0167,M0214,0.385,4.8,3
M0047,M0219,0.398,29.4,3
M0007,M0217,0.495,11.4,2
M0234,M0243,0.177,3.7,1
M0069,M0112,0.711,36.7,3
M0056,M0144,0.195,9.4,1
M0014,M0189,0.634,20.9,2
M0128,M0200,0.403,29.1,2
M0059,M0231,0.283,10.3,1
M0012,M0232,0.737,13.7,7
M0128,M0233,0.453,11.4,4
M0109,M0217,0.675,37.1,5
M0035,M0136,0.491,6.3,3
M0059,M0090,0.462,10.9,1
M0026,M0133,0.472,17.4,1
M0054,M0169,0.86,26.8,3
M0131,M0220,0.199,3.3,1
M0162,M0235,0.549,39.6,4
M0043,M0065,0.22,6.2,0
M0068,M0131,0.6,14.2,3
M0189,M0217,0.376,16.1,4
M0053,M0160,0.54,27.8,1
M0013,M0093,0.548,23.3,1
M0187,M0213,0.515,30.0,4
M0084,M0157,0.687,52.2,5
M0020,M0040,0.652,47.9,4
M0001,M0169,0.198,5.8,2
M0002,M0248,0.557,30.7,3
M0236,M0239,0.251,12.6,0
M0015,M0150,0.626,22.7,1
M0046,M0080,0.525,20.2,3
M0038,M0249,0.841,50.0,4
M0108,M0112,0.445,10.0,3
M0109,M0242,0.848,41.1,8
M0002,M0078,0.369,6.0,3
M0073,M0193,0.669,46.5,4
M0024,M0079,0.538,31.7,5
M0042,M0236,0.316,11.9,1
M0143,M0178,0.426,20.3,2
M0049,M0186,0.195,7.5,2
M0046,M0122,0.675,11.6,5
M0182,M0254,0.543,20.6,4
M0064,M0256,0.774,58.2,4
M0168,M0219,0.49,15.3,1
M0131,M0236,0.306,7.7,1
M0050,M0141,0.326,11.3,2
M0136,M0143,0.501,27.9,4
M0106,M0221,0.79,33.5,7
M0011,M0235,0.547,41.8,3
M0097,M0186,0.697,43.1,3
M0179,M0192,0.311,16.6,2
M0021,M0042,0.336,4.7,2
M0066,M0176,0.312,16.9,2
M0026,M0152,0.707,50.5,1
M0184,M0193,0.221,15.1,1
M0156,M0226,0.366,9.9,1
M0024,M0027,0.697,18.4,2
M0086,M0238,0.401,28.7,2
M0186,M0253,0.526,6.3,5
M0092,M0248,0.599,20.4,2
M0114,M0139,0.753,15.1,4
M0001,M0032,0.225,14.8,1
M0100,M0248,0.239,9.6,1
M0039,M0245,0.728,41.6,6
M0173,M0197,0.446,20.4,1
M0013,M0017,0.604,24.4,4
M0104,M0231,0.291,11.9,0
M0153,M0239,0.676,36.8,3
M0157,M0224,0.44,23.4,4
M0042,M0260,0.493,30.1,2
M0127,M0228,0.45,32.5,1
M0025,M0045,0.485,14.0,1
M0059,M0255,0.626,7.7,3
M0189,M0229,0.57,15.6,5
M0005,M0035,0.577,21.4,1
M0081,M0115,0.406,25.7,1
M0059,M0203,0.675,9.4,4
M0167,M0217,0.211,3.6,2
M0038,M0143,0.705,49.2,4
M0224,M0229,0.525,33.0,1
M0037,M0143,0.718,18.6,4
M0069,M0145,0.311,22.7,2
M0136,M0244,0.323,14.2,2
M0113,M0162,0.647,40.2,5
M0033,M0240,0.578,6.1,2
M0094,M0150,0.442,8.1,3
M0069,M0203,0.749,12.3,6
M0183,M0205,0.627,46.9,1
M0045,M0248,0.346,15.8,2
M0136,M0214,0.342,27.4,1
M0022,M0049,0.666,23.4,3
M0248,M0260,0.628,17.1,1
M0062,M0076,0.605,9.8,4
M0209,M0210,0.501,10.8,2
M0159,M0195,0.844,33.6,8
M0190,M0233,0.328,10.6,1
M0097,M0190,0.717,32.0,1
M0084,M0205,0.413,29.7,3
M0193,M0259,0.515,13.5,1
M0227,M0237,0.325,9.0,3
M0022,M0068,0.329,10.0,2
M0141,M0217,0.464,23.1,3
M0005,M0068,0.377,6.9,1
M0157,M0242,0.435,4.5,1
M0047,M0190,0.47,10.6,1
M0055,M0106,0.696,9.2,3
M0130,M0246,0.622,13.1,5
M0036,M0172,0.411,24.2,1
M0053,M0198,0.378,28.5,1
M0021,M0182,0.457,5.3,0
M0045,M0101,0.682,7.9,1
M0106,M0137,0.631,14.9,1
M0001,M0061,0.593,25.5,1
M0106,M0110,0.404,29.7,3
M0061,M0116,0.605,15.2,4
M0087,M0230,0.233,9.8,2
M0100,M0204,0.485,10.4,5
M0039,M0110,0.315,16.9,1
M0041,M0202,0.316,9.2,2
M0030,M0182,0.311,20.8,2
M0074,M0124,0.567,25.5,5
M0048,M0183,0.354,26.9,3
M0174,M0230,0.294,11.6,1
M0085,M0131,0.355,8.4,3
M0031,M0211,0.567,34.7,1
M0049,M0202,0.665,36.2,5
M0002,M0160,0.471,34.9,2
M0129,M0207,0.706,45.5,7
M0128,M0250,0.747,51.2,3
M0190,M0216,0.689,12.6,6
M0065,M0193,0.755,15.0,6
M0180,M0197,0.724,27.1,6
M0046,M0219,0.661,47.4,1
M0040,M0231,0.614,31.7,3
M0168,M0199,0.537,27.0,4
M0078,M0242,0.807,56.4,4
M0112,M0127,0.457,35.9,1
M0040,M0227,0.419,6.5,2
M0153,M0175,0.811,38.3,7
M0011,M0029,0.573,22.4,3
M0040,M0104,0.747,33.9,6
M0182,M0190,0.382,27.0,2
M0245,M0259,0.452,34.3,1
M0176,M0197,0.245,10.0,1
M0004,M0154,0.792,14.6,6
M0007,M0128,0.805,23.3,6
M0106,M0143,0.489,9.2,3
M0198,M0255,0.542,21.7,4
M0022,M0148,0.479,18.6,3
M0026,M0086,0.335,15.3,3
M0082,M0158,0.928,70.9,9
M0082,M0088,0.778,32.3,5
M0036,M0244,0.616,8.0,1
M0063,M0072,0.182,5.9,1
M0029,M0072,0.641,35.1,2
M0097,M0131,0.245,6.6,1
M0187,M0210,0.682,41.5,2
M0179,M0191,0.727,8.3,7
M0019,M0179,0.64,46.3,4
M0024,M0129,0.534,41.9,1
M0082,M0086,0.443,15.3,2
M0043,M0071,0.423,12.2,3
M0042,M0087,0.38,18.0,1
M0091,M0257,0.555,10.9,2
M0052,M0130,0.405,9.7,4
M0049,M0117,0.472,33.6,3
M0164,M0204,0.535,25.1,4
M0148,M0153,0.178,4.9,1
M0086,M0142,0.443,16.9,2
M0132,M0154,0.623,28.8,3
M0093,M0169,0.401,27.6,1
M0118,M0228,0.21,9.8,2
M0018,M0119,0.649,47.8,6
M0197,M0246,0.555,37.5,3
M0047,M0155,0.581,32.3,2
M0089,M0144,0.342,17.3,3
M0180,M0225,0.296,9.8,2
M0176,M0186,0.245,6.3,0
M0041,M0149,0.226,4.3,1
M0202,M0226,0.451,11.0,3
M0017,M0033,0.647,32.6,6
M0098,M0167,0.32,20.1,2
M0033,M0111,0.751,35.9,2
M0256,M0259,0.693,15.8,4
M0174,M0243,0.186,7.9,1
M0120,M0200,0.427,8.9,2
M0018,M0090,0.397,21.4,4
M0173,M0186,0.447,17.9,1
M0061,M0180,0.705,28.7,1
M0028,M0255,0.821,48.2,5
M0103,M0156,0.501,10.6,1
M0088,M0222,0.646,36.6,4
M0063,M0239,0.633,40.6,4
M0046,M0068,0.36,27.6,3
M0023,M0164,0.414,27.7,2
M0200,M0226,0.298,6.2,2
M0067,M0164,0.419,11.1,3
M0141,M0223,0.681,32.7,7
M0008,M0059,0.435,34.5,2
M0155,M0176,0.446,34.0,4
M0130,M0224,0.392,10.9,3
M0032,M0069,0.166,4.4,1
M0127,M0203,0.488,10.5,1
M0103,M0137,0.295,7.4,0
M0090,M0223,0.286,6.2,1
M0025,M0105,0.648,16.7,2
M0191,M0192,0.398,5.9,0
M0083,M0155,0.645,39.5,1
M0054,M0055,0.738,25.5,7
M0013,M0133,0.537,16.6,4
M0130,M0144,0.406,4.6,3
M0034,M0236,0.661,10.2,3
M0166,M0223,0.767,48.1,1
M0009,M0048,0.941,36.9,6
M0145,M0249,0.416,6.6,2
M0040,M0076,0.445,32.0,2
M0151,M0187,0.183,7.7,0
M0103,M0117,0.619,7.1,1
M0164,M0206,0.226,13.6,1
M0190,M0240,0.224,9.9,2
M0033,M0200,0.489,37.4,4
M0087,M0225,0.532,8.3,5
M0190,M0250,0.669,19.3,2
M0095,M0137,0.326,12.1,3
M0072,M0200,0.716,50.9,6
M0029,M0054,0.589,22.1,2
M0047,M0122,0.516,39.9,3
M0189,M0233,0.679,11.2,5
M0029,M0223,0.282,16.1,1
M0156,M0243,0.61,22.5,6
M0080,M0224,0.751,42.1,6
M0018,M0213,0.573,16.7,1
M0034,M0137,0.747,34.9,4
M0019,M0205,0.28,11.6,3
M0032,M0074,0.794,28.6,4
M0128,M0222,0.678,24.9,1
M0032,M0103,0.483,19.9,4
M0169,M0189,0.324,5.8,1
M0146,M0163,0.885,26.5,8
M0059,M0100,0.708,45.2,3
M0156,M0241,0.815,58.7,4
M0145,M0209,0.404,31.4,1
M0058,M0083,0.444,18.3,4
M0001,M0238,0.275,13.0,3
M0037,M0237,0.697,36.5,5
M0076,M0168,0.2,8.2,2
M0074,M0106,0.698,9.4,2
M0016,M0228,0.402,31.8,4
M0079,M0228,0.518,10.3,5
M0149,M0236,0.381,7.4,3
M0094,M0216,0.435,16.5,3
M0019,M0079,0.83,10.5,3
M0019,M0229,0.82,27.9,3
M0074,M0237,0.787,10.3,7
M0077,M0204,0.431,15.4,3
M0003,M0203,0.635,42.7,5
M0018,M0166,0.629,48.6,3
M0052,M0221,0.804,11.7,7
M0051,M0065,0.564,24.1,4
M0241,M0242,0.472,36.3,1
M0047,M0110,0.285,19.5,3
M0088,M0096,0.242,5.4,1
M0099,M0162,0.446,9.1,3
M0112,M0157,0.278,10.9,1
M0105,M0185,0.652,25.9,2
M0020,M0180,0.423,27.5,3
M0016,M0259,0.615,45.7,3
M0083,M0122,0.844,49.5,8
M0116,M0258,0.714,18.1,4
M0173,M0177,0.479,5.9,2
M0012,M0177,0.574,10.4,6
M0030,M0106,0.915,32.3,6
M0095,M0114,0.702,52.8,6
M0080,M0216,0.3,4.5,1
M0133,M0226,0.363,4.2,0
M0057,M0215,0.875,45.5,7
M0070,M0125,0.562,39.3,4
M0119,M0248,0.555,21.2,6
M0137,M0249,0.329,7.2,0
M0100,M0259,0.366,17.7,3
M0042,M0210,0.598,36.9,4
M0002,M0101,0.403,4.6,1
M0122,M0189,0.582,40.4,2
M0004,M0075,0.236,13.7,1
M0187,M0214,0.82,18.3,4
M0031,M0179,0.654,18.8,4
M0022,M0218,0.592,44.9,4
M0006,M0133,0.305,9.8,2
M0045,M0234,0.816,17.4,6
M0158,M0192,0.609,23.7,1
M0040,M0235,0.369,8.5,1
M0063,M0221,0.351,18.0,2
M0254,M0259,0.257,2.8,2
M0241,M0246,0.334,14.0,3
M0088,M0255,0.857,17.0,8
M0050,M0075,0.469,19.4,4
M0052,M0112,0.226,3.6,1
M0037,M0202,0.56,35.5,4
M0059,M0157,0.336,16.3,2
M0202,M0213,0.438,9.3,3
M0035,M0211,0.322,7.0,3
M0008,M0186,0.591,7.6,2
M0221,M0240,0.643,33.5,4
M0195,M0211,0.792,21.5,8
M0005,M0186,0.363,22.3,1
M0005,M0140,0.885,65.3,8
M0016,M0030,0.173,6.7,1
M0024,M0233,0.586,15.8,2
M0022,M0082,0.41,8.8,3
M0082,M0129,0.338,12.9,1
M0113,M0218,0.349,22.0,3
M0047,M0253,0.684,44.1,5
M0051,M0163,0.507,31.3,4
M0176,M0242,0.758,40.9,2
M0092,M0101,0.398,11.6,3
M0184,M0221,0.745,52.0,5
M0196,M0253,0.372,19.6,3
M0080,M0133,0.245,17.3,1
M0091,M0152,0.298,18.4,1
M0169,M0200,0.687,39.4,3
M0090,M0202,0.44,31.3,3
M0031,M0229,0.67,22.2,5
M0074,M0135,0.337,18.9,2
M0035,M0253,0.351,28.0,1
M0069,M0158,0.528,19.3,2
M0061,M0154,0.787,11.2,7
M0035,M0135,0.203,10.8,1
M0215,M0260,0.387,5.1,3
M0062,M0191,0.241,7.5,1
M0115,M0147,0.264,14.3,2
M0095,M0121,0.418,13.5,1
M0058,M0070,0.259,7.8,2
M0013,M0075,0.578,45.2,3
M0169,M0234,0.294,4.8,2
M0179,M0199,0.505,33.9,3
M0117,M0195,0.453,23.4,2
M0138,M0204,0.305,17.6,2
M0194,M0242,0.264,8.1,2
M0109,M0214,0.776,60.7,2
M0127,M0168,0.623,17.8,2
M0009,M0213,0.835,27.5,6
M0031,M0227,0.488,32.7,2
M0083,M0158,0.368,21.3,2
M0041,M0169,0.349,11.4,3
M0221,M0230,0.452,21.8,4
M0101,M0256,0.42,4.6,2
M0023,M0088,0.743,13.4,2
M0131,M0232,0.624,47.2,5
M0013,M0238,0.846,25.7,1
M0236,M0245,0.384,25.4,1
M0129,M0244,0.548,40.8,4
M0049,M0158,0.459,28.5,1
M0243,M0252,0.462,4.8,1
M0125,M0195,0.661,34.6,3
M0142,M0194,0.79,40.5,4
M0113,M0181,0.503,31.0,2
M0096,M0201,0.713,57.0,1
M0093,M0167,0.375,4.6,1
M0132,M0208,0.447,26.9,4
M0047,M0059,0.415,17.4,2
M0207,M0254,0.412,6.7,2
M0059,M0186,0.528,17.9,1
M0055,M0224,0.398,30.5,2
M0156,M0231,0.432,32.0,2
M0161,M0175,0.534,22.1,5
M0041,M0074,0.546,30.6,2
M0068,M0099,0.54,37.3,2
M0028,M0083,0.508,22.0,4
M0082,M0169,0.395,22.5,1
M0021,M0192,0.374,8.2,1
M0101,M0174,0.415,12.8,2
M0052,M0142,0.408,25.4,1
M0022,M0237,0.553,42.1,4
M0166,M0215,0.844,17.3,7
M0082,M0142,0.205,2.2,1
M0087,M0175,0.794,62.5,6
M0006,M0154,0.627,25.0,3
M0030,M0188,0.322,5.5,1
M0016,M0154,0.666,16.8,4
M0043,M0182,0.8,45.5,4
M0095,M0246,0.188,5.6,1
M0005,M0082,0.509,15.7,5
M0041,M0055,0.579,37.1,4
M0023,M0255,0.721,47.2,2
M0087,M0098,0.738,41.6,3
M0100,M0120,0.375,6.4,2
M0115,M0200,0.57,43.1,4
M0167,M0226,0.618,34.1,2
M0040,M0130,0.609,20.8,3
M0123,M0187,0.659,43.9,2
M0037,M0239,0.484,18.7,4
M0034,M0113,0.665,19.2,3
M0033,M0096,0.384,22.3,4
M0193,M0208,0.351,25.4,0
M0189,M0192,0.407,17.9,3
M0012,M0059,0.319,4.7,2
M0036,M0047,0.404,4.8,3
M0062,M0256,0.349,6.3,0
M0027,M0070,0.819,24.4,7
M0232,M0238,0.406,5.9,4
M0089,M0130,0.699,47.4,2
M0053,M0209,0.364,23.8,3
M0169,M0228,0.248,6.9,0
M0141,M0176,0.642,43.1,6
M0071,M0137,0.361,6.5,1
M0017,M0231,0.193,12.8,1
M0208,M0244,0.785,47.5,4
M0162,M0245,0.394,23.0,1
M0032,M0060,0.701,29.0,3
M0087,M0132,0.416,6.3,2
M0105,M0248,0.627,43.7,2
M0164,M0207,0.868,62.3,3
M0128,M0150,0.32,19.9,0
M0044,M0131,0.412,28.2,1
M0084,M0220,0.594,34.2,2
M0028,M0216,0.558,13.7,2
M0015,M0039,0.287,18.1,2
M0079,M0203,0.716,22.4,1
M0063,M0172,0.67,13.1,4
M0014,M0159,0.705,44.2,5
M0220,M0224,0.271,3.4,2
M0045,M0107,0.452,7.0,4
M0047,M0070,0.723,41.8,6
M0049,M0244,0.212,6.4,2
M0036,M0222,0.337,24.3,3
M0120,M0182,0.775,34.8,5
M0196,M0204,0.597,23.6,1
M0016,M0056,0.284,11.6,3
M0078,M0185,0.427,18.8,2
M0107,M0166,0.556,9.3,1
M0007,M0043,0.629,30.4,2
M0097,M0155,0.443,7.4,4
M0073,M0242,0.471,25.8,3
M0100,M0128,0.595,46.4,2
M0026,M0111,0.503,22.6,3
M0043,M0222,0.702,40.3,3
M0166,M0171,0.766,21.0,5
M0200,M0236,0.453,27.7,3
M0124,M0194,0.623,34.4,2
M0163,M0217,0.786,14.7,4
M0008,M0140,0.635,49.3,2
M0072,M0086,0.391,16.5,2
M0102,M0107,0.206,14.1,0
M0020,M0258,0.604,15.9,5
M0162,M0176,0.192,11.7,0
M0089,M0175,0.523,8.0,5
M0041,M0222,0.38,24.0,3
M0095,M0187,0.904,67.8,7
M0183,M0225,0.405,16.0,2
M0080,M0212,0.231,12.1,1
M0073,M0159,0.336,20.2,1
M0059,M0189,0.427,7.1,1
M0112,M0154,0.512,21.5,5
M0026,M0039,0.637,10.7,4
M0039,M0079,0.392,18.5,3
M0106,M0151,0.392,28.9,3
M0053,M0247,0.408,13.9,1
M0024,M0189,0.642,49.2,1
M0002,M0057,0.632,41.1,5
M0043,M0254,0.469,14.6,4
M0128,M0194,0.184,7.4,2
M0111,M0142,0.382,13.0,1
M0044,M0111,0.373,25.1,4
M0024,M0153,0.318,8.5,2
M0173,M0253,0.55,36.1,1
M0084,M0152,0.364,21.8,3
M0106,M0251,0.333,4.5,1
M0075,M0184,0.444,11.6,3
M0049,M0162,0.442,27.4,1
M0037,M0200,0.638,36.3,4
M0027,M0088,0.348,27.2,3
M0027,M0224,0.713,22.4,5
M0109,M0223,0.636,35.6,4
M0067,M0239,0.478,29.5,1
M0017,M0143,0.409,22.8,1
M0107,M0109,0.325,14.6,1
M0118,M0178,0.648,30.9,4
M0086,M0247,0.51,6.5,3
M0019,M0146,0.291,7.6,1
M0160,M0260,0.464,13.8,3
M0162,M0237,0.355,19.3,3
M0183,M0252,0.347,15.7,3
M0070,M0191,0.417,13.0,4
M0028,M0062,0.333,17.1,3
M0046,M0089,0.52,21.3,4
M0179,M0186,0.315,21.3,1
M0108,M0153,0.459,18.2,3
M0023,M0198,0.665,42.8,4
M0017,M0126,0.431,31.4,3
M0115,M0218,0.432,7.8,2
M0197,M0244,0.405,18.7,4
M0032,M0139,0.421,16.0,1
M0228,M0256,0.734,55.3,4
M0003,M0019,0.481,24.2,2
M0137,M0151,0.541,36.4,2
M0166,M0174,0.446,23.9,3
M0055,M0115,0.822,64.8,6
M0088,M0249,0.471,35.6,1
M0042,M0206,0.508,7.5,3
M0136,M0168,0.328,4.1,2
M0111,M0177,0.69,10.6,4
M0033,M0131,0.703,26.5,5
M0030,M0113,0.676,41.8,5
M0168,M0229,0.69,16.9,6
M0010,M0160,0.637,9.0,3
M0022,M0162,0.468,30.3,4
M0085,M0249,0.318,8.1,1
M0002,M0169,0.195,6.4,2
M0032,M0210,0.19,6.7,1
M0127,M0143,0.346,20.7,1
M0017,M0154,0.312,22.6,1
M0093,M0113,0.543,13.8,3
M0123,M0215,0.53,6.9,3
M0047,M0080,0.622,12.6,4
M0022,M0081,0.801,12.4,5
M0011,M0133,0.475,26.0,4
M0119,M0242,0.593,11.8,3
M0130,M0259,0.808,12.9,1
M0001,M0157,0.534,8.1,1
M0026,M0093,0.611,47.0,3
M0063,M0243,0.595,14.0,2
M0126,M0143,0.316,12.0,1
M0094,M0166,0.348,16.2,1
M0236,M0247,0.63,18.4,1
M0133,M0151,0.815,28.9,1
M0063,M0099,0.314,21.0,2
M0081,M0152,0.579,10.0,5
M0052,M0248,0.255,18.4,0
M0020,M0205,0.571,37.7,4
M0190,M0199,0.305,5.8,1
M0006,M0020,0.776,47.7,4
M0192,M0209,0.206,12.7,1
M0016,M0207,0.353,21.6,0
M0198,M0199,0.468,28.9,4
M0004,M0130,0.452,12.5,2
M0020,M0212,0.535,20.0,3
M0131,M0136,0.227,9.7,2
M0045,M0136,0.4,5.4,4
M0082,M0147,0.368,6.6,3
M0014,M0120,0.489,22.9,3
M0044,M0244,0.388,8.1,2
M0032,M0226,0.746,21.7,1
M0104,M0186,0.334,5.7,1
M0038,M0221,0.651,29.7,5
M0028,M0156,0.187,10.0,2
M0168,M0217,0.305,11.5,3
M0065,M0091,0.319,8.5,2
M0156,M0214,0.242,18.0,1
M0141,M0170,0.475,12.3,4
M0080,M0171,0.301,3.7,1
M0062,M0260,0.414,12.1,2
M0056,M0215,0.429,23.7,4
M0027,M0059,0.392,22.4,2
M0092,M0126,0.33,8.3,0
M0176,M0214,0.445,25.0,1
M0065,M0109,0.337,19.3,1
M0126,M0152,0.737,23.3,6
M0029,M0069,0.464,21.8,1
M0021,M0055,0.851,15.6,5
M0143,M0186,0.351,16.8,2
M0039,M0258,0.357,8.4,4
M0032,M0100,0.227,11.1,0
M0100,M0150,0.536,31.9,3
M0142,M0245,0.542,28.9,3
M0029,M0137,0.678,7.0,2
M0073,M0257,0.241,7.5,0
M0159,M0173,0.495,17.9,3
M0006,M0108,0.401,9.3,3
M0182,M0188,0.471,9.6,3
M0046,M0257,0.199,5.1,1
M0033,M0126,0.816,52.5,1
M0034,M0209,0.185,8.4,2
M0152,M0202,0.686,33.3,4
M0026,M0099,0.659,49.9,5
M0038,M0138,0.418,19.6,0
M0083,M0120,0.828,10.5,5
M0029,M0037,0.458,36.4,4
M0177,M0209,0.37,24.6,2
M0091,M0104,0.479,12.3,4
M0001,M0098,0.656,39.5,2
M0121,M0203,0.793,29.6,2
M0080,M0110,0.391,4.2,3
M0219,M0236,0.481,10.0,4
M0027,M0254,0.827,30.9,1
M0199,M0224,0.741,46.7,3
M0048,M0234,0.637,7.5,3
M0120,M0229,0.385,11.5,3
M0100,M0216,0.483,19.2,4
M0021,M0030,0.838,34.2,8
M0084,M0228,0.36,26.4,2
M0023,M0260,0.315,24.5,1
M0081,M0200,0.541,23.4,1
M0106,M0195,0.396,17.7,1
M0188,M0255,0.453,13.6,2
M0060,M0115,0.348,9.1,0
M0071,M0158,0.342,22.0,1
M0089,M0225,0.558,23.4,2
M0005,M0121,0.53,35.2,2
M0064,M0104,0.483,38.1,3
M0005,M0204,0.5,10.0,2
M0079,M0216,0.411,23.3,1
M0128,M0195,0.722,20.3,2
M0062,M0063,0.56,41.4,4
M0116,M0209,0.266,17.2,0
M0171,M0193,0.782,10.4,6
M0028,M0241,0.488,20.3,2
M0082,M0166,0.218,13.2,1
M0079,M0225,0.456,28.1,2
M0124,M0148,0.315,6.8,3
M0071,M0206,0.24,7.4,1
M0108,M0183,0.586,34.0,3
M0209,M0248,0.591,37.9,2
M0163,M0209,0.502,7.9,4
M0145,M0241,0.325,13.9,3
M0056,M0185,0.557,6.9,2
M0060,M0068,0.699,19.1,7
M0149,M0241,0.29,14.4,2
M0059,M0085,0.667,37.7,2
M0113,M0240,0.308,11.2,2
M0133,M0257,0.426,21.0,1
M0127,M0147,0.636,10.3,2
M0026,M0238,0.306,6.3,3
M0099,M0226,0.431,28.6,3
M0020,M0222,0.347,24.3,2
M0220,M0259,0.577,20.6,2
